/*****************************************************************************
*
* Filename:
* ---------
* panel-rayle-nt37701-cmd-120hz.h
*
* Project:
* --------
* X10
*
* Description:
* ------------
* Source code of X10 lcd driver
*
* Author:
* -------
* cs
*
*======================================================
* HISTORY
*
*
*===================================================
*************************************************************************/


#ifndef PANEL_HX_NT37706_VIDEO_120HZ_HEAD_H
#define PANEL_HX_NT37706_VIDEO_120HZ_HEAD_H


#define REGFLAG_DELAY           0xFFFC
#define REGFLAG_UDELAY          0xFFFB
#define REGFLAG_END_OF_TABLE    0xFFFD
#define REGFLAG_RESET_LOW       0xFFFE
#define REGFLAG_RESET_HIGH      0xFFFF

#define FRAME_WIDTH                 1220
#define FRAME_HEIGHT                2712

#define PHYSICAL_WIDTH              69540
#define PHYSICAL_HEIGHT             154580

#define DATA_RATE                   1240
#define HSA                         8
#define HBP                         20
#define VSA                         2
#define VBP                         20

/*Parameter setting for mode 0 Start*/
#define MODE_0_FPS                  60
#define MODE_0_VFP                  2836
#define MODE_0_HFP                  90
#define MODE_0_DATA_RATE            1240
/*Parameter setting for mode 0 End*/

/*Parameter setting for mode 1 Start*/
#define MODE_1_FPS                  120
#define MODE_1_VFP                  52
#define MODE_1_HFP                  90
#define MODE_1_DATA_RATE            1240
/*Parameter setting for mode 1 End*/
/*Parameter setting for mode 2 Start*/
#define MODE_2_FPS                  90
#define MODE_2_VFP                  988
#define MODE_2_HFP                  90
#define MODE_2_DATA_RATE            1240
/*Parameter setting for mode 2 End*/
/* Prize modify for aod mod X100S2-177 Start */
#define MODE_3_FPS                  30
#define MODE_3_VFP                  60
#define MODE_3_HFP                  950
#define MODE_3_HBP                  1000
#define MODE_3_DATA_RATE            1240
/* Prize modify for aod mod X100S2-177 End */

#define LFR_EN                      1
/* DSC RELATED */

#define DSC_ENABLE                  1
#define DSC_VER                     17
#define DSC_SLICE_MODE              1
#define DSC_RGB_SWAP                0
#define DSC_DSC_CFG                 40
#define DSC_RCT_ON                  1
#define DSC_BIT_PER_CHANNEL         10
#define DSC_DSC_LINE_BUF_DEPTH      11
#define DSC_BP_ENABLE               1
#define DSC_BIT_PER_PIXEL           128
#define DSC_SLICE_HEIGHT            12
#define DSC_SLICE_WIDTH             610
#define DSC_CHUNK_SIZE              610
#define DSC_XMIT_DELAY              512
#define DSC_DEC_DELAY               562
#define DSC_SCALE_VALUE             32
#define DSC_INCREMENT_INTERVAL      305
#define DSC_DECREMENT_INTERVAL      8
#define DSC_LINE_BPG_OFFSET         12
#define DSC_NFL_BPG_OFFSET          2235
#define DSC_SLICE_BPG_OFFSET        1915
#define DSC_INITIAL_OFFSET          6144
#define DSC_FINAL_OFFSET            4336
#define DSC_FLATNESS_MINQP          7
#define DSC_FLATNESS_MAXQP          16
#define DSC_RC_MODEL_SIZE           8192
#define DSC_RC_EDGE_FACTOR          6
#define DSC_RC_QUANT_INCR_LIMIT0    15
#define DSC_RC_QUANT_INCR_LIMIT1    15
#define DSC_RC_TGT_OFFSET_HI        3
#define DSC_RC_TGT_OFFSET_LO        3

enum panel_version{
	PANEL_V1 = 1,
	PANEL_V2,
	PANEL_V3,
};

unsigned int nt37706_vdo_fhd_buf_thresh[14] = {
	896, 1792, 2688, 3584, 4480,
	5376, 6272, 6720, 7168, 7616,
	7744, 7872, 8000, 8064};
unsigned int nt37706_vdo_fhd_range_min_qp[15] = {0, 4, 5, 5, 7, 7, 7, 7, 7, 7, 9, 9, 9, 11, 17};
unsigned int nt37706_vdo_fhd_range_max_qp[15] = {8, 8, 9, 10, 11, 11, 11, 12, 13, 14, 15, 16, 17, 17, 19};
int nt37706_vdo_fhd_range_bpg_ofs[15] = {2, 0, 0, -2, -4, -6, -8, -8, -8, -10, -10, -12, -12, -12, -12};
char bl_lhbm_enter[][15] = {
	{0xA9,0x02,0x00,0xB5,0x2C,0x2C,0x00,0x01,0x00,0x87,0x00,0x02,0x25,0x00,0x00},
	{0xA9,0x02,0x00,0xB5,0x2C,0x2C,0x00,0x01,0x00,0x87,0x00,0x02,0x25,0x00,0x00},
	{0xA9,0x02,0x00,0xB5,0x2C,0x2C,0x00,0x01,0x00,0x87,0x00,0x02,0x25,0x00,0x00},
	{0xA9,0x02,0x00,0xB5,0x2C,0x2C,0x00,0x01,0x00,0x87,0x00,0x02,0x25,0x00,0x00},
	{0xA9,0x02,0x00,0xB5,0x2C,0x2C,0x00,0x01,0x00,0x87,0x00,0x02,0x25,0x33,0x3E},
	{0xA9,0x02,0x00,0xB5,0x2C,0x2C,0x00,0x01,0x00,0x87,0x00,0x02,0x25,0x33,0xCC},
	{0xA9,0x02,0x00,0xB5,0x2C,0x2C,0x00,0x01,0x00,0x87,0x00,0x02,0x25,0x21,0x6A},
	{0xA9,0x02,0x00,0xB5,0x2C,0x2C,0x00,0x01,0x00,0x87,0x00,0x02,0x25,0x2E,0xF9},
	{0xA9,0x02,0x00,0xB5,0x2C,0x2C,0x00,0x01,0x00,0x87,0x00,0x02,0x25,0x3E,0xC8},
	{0xA9,0x02,0x00,0xB5,0x2C,0x2C,0x00,0x01,0x00,0x87,0x00,0x02,0x25,0x22,0x47},
	{0xA9,0x02,0x00,0xB5,0x2C,0x2C,0x00,0x01,0x00,0x87,0x00,0x02,0x25,0x24,0x57},
	{0xA9,0x02,0x00,0xB5,0x2C,0x2C,0x00,0x01,0x00,0x87,0x00,0x02,0x25,0x26,0xA7},
	{0xA9,0x02,0x00,0xB5,0x2C,0x2C,0x00,0x01,0x00,0x87,0x00,0x02,0x25,0x29,0xF7},
	{0xA9,0x02,0x00,0xB5,0x2C,0x2C,0x00,0x01,0x00,0x87,0x00,0x02,0x25,0x2D,0x27},
	{0xA9,0x02,0x00,0xB5,0x2C,0x2C,0x00,0x01,0x00,0x87,0x00,0x02,0x25,0x30,0x07},
	{0xA9,0x02,0x00,0xB5,0x2C,0x2C,0x00,0x01,0x00,0x87,0x00,0x02,0x25,0x33,0x47},
	{0xA9,0x02,0x00,0xB5,0x2C,0x2C,0x00,0x01,0x00,0x87,0x00,0x02,0x25,0x37,0xA7},
	{0xA9,0x02,0x00,0xB5,0x2C,0x2C,0x00,0x01,0x00,0x87,0x00,0x02,0x25,0x3B,0x57},
	{0xA9,0x02,0x00,0xB5,0x2C,0x2C,0x00,0x01,0x00,0x87,0x00,0x02,0x25,0x3F,0x27},
	{0xA9,0x02,0x00,0xB5,0x2C,0x2C,0x00,0x01,0x00,0x87,0x00,0x02,0x25,0x22,0x36},
	{0xA9,0x02,0x00,0xB5,0x2C,0x2C,0x00,0x01,0x00,0x87,0x00,0x02,0x25,0x24,0x66},
	{0xA9,0x02,0x00,0xB5,0x2C,0x2C,0x00,0x01,0x00,0x87,0x00,0x02,0x25,0x26,0xA6},
	{0xA9,0x02,0x00,0xB5,0x2C,0x2C,0x00,0x01,0x00,0x87,0x00,0x02,0x25,0x29,0xB6},
	{0xA9,0x02,0x00,0xB5,0x2C,0x2C,0x00,0x01,0x00,0x87,0x00,0x02,0x25,0x2B,0xF6},
	{0xA9,0x02,0x00,0xB5,0x2C,0x2C,0x00,0x01,0x00,0x87,0x00,0x02,0x25,0x2E,0xB6},
	{0xA9,0x02,0x00,0xB5,0x2C,0x2C,0x00,0x01,0x00,0x87,0x00,0x02,0x25,0x2F,0xF6},
	{0xA9,0x02,0x00,0xB5,0x2C,0x2C,0x00,0x01,0x00,0x87,0x00,0x02,0x25,0x32,0x26},
	{0xA9,0x02,0x00,0xB5,0x2C,0x2C,0x00,0x01,0x00,0x87,0x00,0x02,0x25,0x33,0x96},
	{0xA9,0x02,0x00,0xB5,0x2C,0x2C,0x00,0x01,0x00,0x87,0x00,0x02,0x25,0x35,0x16},
	{0xA9,0x02,0x00,0xB5,0x2C,0x2C,0x00,0x01,0x00,0x87,0x00,0x02,0x25,0x36,0x86},
	{0xA9,0x02,0x00,0xB5,0x2C,0x2C,0x00,0x01,0x00,0x87,0x00,0x02,0x25,0x38,0xC6},
	{0xA9,0x02,0x00,0xB5,0x2C,0x2C,0x00,0x01,0x00,0x87,0x00,0x02,0x25,0x3A,0x76},
	{0xA9,0x02,0x00,0xB5,0x2C,0x2C,0x00,0x01,0x00,0x87,0x00,0x02,0x25,0x3B,0xF6},
	{0xA9,0x02,0x00,0xB5,0x2C,0x2C,0x00,0x01,0x00,0x87,0x00,0x02,0x25,0x3D,0xE6},
	{0xA9,0x02,0x00,0xB5,0x2C,0x2C,0x00,0x01,0x00,0x87,0x00,0x02,0x25,0x20,0x05},
	{0xA9,0x02,0x00,0xB5,0x2C,0x2C,0x00,0x01,0x00,0x87,0x00,0x02,0x25,0x20,0xE5},
	{0xA9,0x02,0x00,0xB5,0x2C,0x2C,0x00,0x01,0x00,0x87,0x00,0x02,0x25,0x21,0xB5},
	{0xA9,0x02,0x00,0xB5,0x2C,0x2C,0x00,0x01,0x00,0x87,0x00,0x02,0x25,0x22,0x95},
	{0xA9,0x02,0x00,0xB5,0x2C,0x2C,0x00,0x01,0x00,0x87,0x00,0x02,0x25,0x24,0x05},
	{0xA9,0x02,0x00,0xB5,0x2C,0x2C,0x00,0x01,0x00,0x87,0x00,0x02,0x25,0x24,0xD5},
	{0xA9,0x02,0x00,0xB5,0x2C,0x2C,0x00,0x01,0x00,0x87,0x00,0x02,0x25,0x25,0xC5},
	{0xA9,0x02,0x00,0xB5,0x2C,0x2C,0x00,0x01,0x00,0x87,0x00,0x02,0x25,0x26,0xC5},
	{0xA9,0x02,0x00,0xB5,0x2C,0x2C,0x00,0x01,0x00,0x87,0x00,0x02,0x25,0x28,0x35},
	{0xA9,0x02,0x00,0xB5,0x2C,0x2C,0x00,0x01,0x00,0x87,0x00,0x02,0x25,0x29,0x35},
	{0xA9,0x02,0x00,0xB5,0x2C,0x2C,0x00,0x01,0x00,0x87,0x00,0x02,0x25,0x2A,0x35},
	{0xA9,0x02,0x00,0xB5,0x2C,0x2C,0x00,0x01,0x00,0x87,0x00,0x02,0x25,0x2B,0x45},
	{0xA9,0x02,0x00,0xB5,0x2C,0x2C,0x00,0x01,0x00,0x87,0x00,0x02,0x25,0x2C,0xD5},
	{0xA9,0x02,0x00,0xB5,0x2C,0x2C,0x00,0x01,0x00,0x87,0x00,0x02,0x25,0x2D,0xD5},
	{0xA9,0x02,0x00,0xB5,0x2C,0x2C,0x00,0x01,0x00,0x87,0x00,0x02,0x25,0x2F,0x05},
	{0xA9,0x02,0x00,0xB5,0x2C,0x2C,0x00,0x01,0x00,0x87,0x00,0x02,0x25,0x30,0x15},
	{0xA9,0x02,0x00,0xB5,0x2C,0x2C,0x00,0x01,0x00,0x87,0x00,0x02,0x25,0x31,0x35},
	{0xA9,0x02,0x00,0xB5,0x2C,0x2C,0x00,0x01,0x00,0x87,0x00,0x02,0x25,0x31,0xF5},
	{0xA9,0x02,0x00,0xB5,0x2C,0x2C,0x00,0x01,0x00,0x87,0x00,0x02,0x25,0x32,0xA5},
	{0xA9,0x02,0x00,0xB5,0x2C,0x2C,0x00,0x01,0x00,0x87,0x00,0x02,0x25,0x33,0x65},
	{0xA9,0x02,0x00,0xB5,0x2C,0x2C,0x00,0x01,0x00,0x87,0x00,0x02,0x25,0x34,0xA5},
	{0xA9,0x02,0x00,0xB5,0x2C,0x2C,0x00,0x01,0x00,0x87,0x00,0x02,0x25,0x35,0x65},
	{0xA9,0x02,0x00,0xB5,0x2C,0x2C,0x00,0x01,0x00,0x87,0x00,0x02,0x25,0x36,0x15},
	{0xA9,0x02,0x00,0xB5,0x2C,0x2C,0x00,0x01,0x00,0x87,0x00,0x02,0x25,0x36,0xB5},
	{0xA9,0x02,0x00,0xB5,0x2C,0x2C,0x00,0x01,0x00,0x87,0x00,0x02,0x25,0x38,0x05},
	{0xA9,0x02,0x00,0xB5,0x2C,0x2C,0x00,0x01,0x00,0x87,0x00,0x02,0x25,0x38,0xF5},
	{0xA9,0x02,0x00,0xB5,0x2C,0x2C,0x00,0x01,0x00,0x87,0x00,0x02,0x25,0x39,0x85},
	{0xA9,0x02,0x00,0xB5,0x2C,0x2C,0x00,0x01,0x00,0x87,0x00,0x02,0x25,0x3A,0x55},
	{0xA9,0x02,0x00,0xB5,0x2C,0x2C,0x00,0x01,0x00,0x87,0x00,0x02,0x25,0x3B,0x95},
	{0xA9,0x02,0x00,0xB5,0x2C,0x2C,0x00,0x01,0x00,0x87,0x00,0x02,0x25,0x3C,0x55},
	{0xA9,0x02,0x00,0xB5,0x2C,0x2C,0x00,0x01,0x00,0x87,0x00,0x02,0x25,0x3D,0x45},
	{0xA9,0x02,0x00,0xB5,0x2C,0x2C,0x00,0x01,0x00,0x87,0x00,0x02,0x25,0x3D,0xF5},
	{0xA9,0x02,0x00,0xB5,0x2C,0x2C,0x00,0x01,0x00,0x87,0x00,0x02,0x25,0x3F,0x45},
	{0xA9,0x02,0x00,0xB5,0x2C,0x2C,0x00,0x01,0x00,0x87,0x00,0x02,0x25,0x20,0x04},
	{0xA9,0x02,0x00,0xB5,0x2C,0x2C,0x00,0x01,0x00,0x87,0x00,0x02,0x25,0x20,0x64},
	{0xA9,0x02,0x00,0xB5,0x2C,0x2C,0x00,0x01,0x00,0x87,0x00,0x02,0x25,0x21,0x14},
	{0xA9,0x02,0x00,0xB5,0x2C,0x2C,0x00,0x01,0x00,0x87,0x00,0x02,0x25,0x21,0x74},
	{0xA9,0x02,0x00,0xB5,0x2C,0x2C,0x00,0x01,0x00,0x87,0x00,0x02,0x25,0x21,0xE4},
	{0xA9,0x02,0x00,0xB5,0x2C,0x2C,0x00,0x01,0x00,0x87,0x00,0x02,0x25,0x22,0x44},
	{0xA9,0x02,0x00,0xB5,0x2C,0x2C,0x00,0x01,0x00,0x87,0x00,0x02,0x25,0x22,0xF4},
	{0xA9,0x02,0x00,0xB5,0x2C,0x2C,0x00,0x01,0x00,0x87,0x00,0x02,0x25,0x23,0x74},
	{0xA9,0x02,0x00,0xB5,0x2C,0x2C,0x00,0x01,0x00,0x87,0x00,0x02,0x25,0x23,0xC4},
	{0xA9,0x02,0x00,0xB5,0x2C,0x2C,0x00,0x01,0x00,0x87,0x00,0x02,0x25,0x24,0x34},
	{0xA9,0x02,0x00,0xB5,0x2C,0x2C,0x00,0x01,0x00,0x87,0x00,0x02,0x25,0x24,0xE4},
	{0xA9,0x02,0x00,0xB5,0x2C,0x2C,0x00,0x01,0x00,0x87,0x00,0x02,0x25,0x25,0x54},
	{0xA9,0x02,0x00,0xB5,0x2C,0x2C,0x00,0x01,0x00,0x87,0x00,0x02,0x25,0x25,0xC4},
	{0xA9,0x02,0x00,0xB5,0x2C,0x2C,0x00,0x01,0x00,0x87,0x00,0x02,0x25,0x26,0x44},
	{0xA9,0x02,0x00,0xB5,0x2C,0x2C,0x00,0x01,0x00,0x87,0x00,0x02,0x25,0x26,0xE4},
	{0xA9,0x02,0x00,0xB5,0x2C,0x2C,0x00,0x01,0x00,0x87,0x00,0x02,0x25,0x27,0x54},
	{0xA9,0x02,0x00,0xB5,0x2C,0x2C,0x00,0x01,0x00,0x87,0x00,0x02,0x25,0x27,0xD4},
	{0xA9,0x02,0x00,0xB5,0x2C,0x2C,0x00,0x01,0x00,0x87,0x00,0x02,0x25,0x28,0x84},
	{0xA9,0x02,0x00,0xB5,0x2C,0x2C,0x00,0x01,0x00,0x87,0x00,0x02,0x25,0x29,0x04},
	{0xA9,0x02,0x00,0xB5,0x2C,0x2C,0x00,0x01,0x00,0x87,0x00,0x02,0x25,0x29,0x74},
	{0xA9,0x02,0x00,0xB5,0x2C,0x2C,0x00,0x01,0x00,0x87,0x00,0x02,0x25,0x29,0xE4},
	{0xA9,0x02,0x00,0xB5,0x2C,0x2C,0x00,0x01,0x00,0x87,0x00,0x02,0x25,0x2A,0x94},
	{0xA9,0x02,0x00,0xB5,0x2C,0x2C,0x00,0x01,0x00,0x87,0x00,0x02,0x25,0x2B,0x24},
	{0xA9,0x02,0x00,0xB5,0x2C,0x2C,0x00,0x01,0x00,0x87,0x00,0x02,0x25,0x2B,0x94},
	{0xA9,0x02,0x00,0xB5,0x2C,0x2C,0x00,0x01,0x00,0x87,0x00,0x02,0x25,0x2C,0x14},
	{0xA9,0x02,0x00,0xB5,0x2C,0x2C,0x00,0x01,0x00,0x87,0x00,0x02,0x25,0x2C,0xD4},
	{0xA9,0x02,0x00,0xB5,0x2C,0x2C,0x00,0x01,0x00,0x87,0x00,0x02,0x25,0x2D,0x34},
	{0xA9,0x02,0x00,0xB5,0x2C,0x2C,0x00,0x01,0x00,0x87,0x00,0x02,0x25,0x2D,0xB4},
	{0xA9,0x02,0x00,0xB5,0x2C,0x2C,0x00,0x01,0x00,0x87,0x00,0x02,0x25,0x2E,0x34},
	{0xA9,0x02,0x00,0xB5,0x2C,0x2C,0x00,0x01,0x00,0x87,0x00,0x02,0x25,0x2E,0xF4},
	{0xA9,0x02,0x00,0xB5,0x2C,0x2C,0x00,0x01,0x00,0x87,0x00,0x02,0x25,0x2F,0x74},
	{0xA9,0x02,0x00,0xB5,0x2C,0x2C,0x00,0x01,0x00,0x87,0x00,0x02,0x25,0x30,0x14},
	{0xA9,0x02,0x00,0xB5,0x2C,0x2C,0x00,0x01,0x00,0x87,0x00,0x02,0x25,0x30,0x94},
	{0xA9,0x02,0x00,0xB5,0x2C,0x2C,0x00,0x01,0x00,0x87,0x00,0x02,0x25,0x31,0x04},
	{0xA9,0x02,0x00,0xB5,0x2C,0x2C,0x00,0x01,0x00,0x87,0x00,0x02,0x25,0x31,0x64},
	{0xA9,0x02,0x00,0xB5,0x2C,0x2C,0x00,0x01,0x00,0x87,0x00,0x02,0x25,0x31,0xC4},
	{0xA9,0x02,0x00,0xB5,0x2C,0x2C,0x00,0x01,0x00,0x87,0x00,0x02,0x25,0x32,0x64},
	{0xA9,0x02,0x00,0xB5,0x2C,0x2C,0x00,0x01,0x00,0x87,0x00,0x02,0x25,0x32,0xC4},
	{0xA9,0x02,0x00,0xB5,0x2C,0x2C,0x00,0x01,0x00,0x87,0x00,0x02,0x25,0x33,0x44},
	{0xA9,0x02,0x00,0xB5,0x2C,0x2C,0x00,0x01,0x00,0x87,0x00,0x02,0x25,0x33,0x84},
	{0xA9,0x02,0x00,0xB5,0x2C,0x2C,0x00,0x01,0x00,0x87,0x00,0x02,0x25,0x34,0x54},
	{0xA9,0x02,0x00,0xB5,0x2C,0x2C,0x00,0x01,0x00,0x87,0x00,0x02,0x25,0x34,0x94},
	{0xA9,0x02,0x00,0xB5,0x2C,0x2C,0x00,0x01,0x00,0x87,0x00,0x02,0x25,0x34,0xF4},
	{0xA9,0x02,0x00,0xB5,0x2C,0x2C,0x00,0x01,0x00,0x87,0x00,0x02,0x25,0x35,0x64},
	{0xA9,0x02,0x00,0xB5,0x2C,0x2C,0x00,0x01,0x00,0x87,0x00,0x02,0x25,0x35,0xF4},
	{0xA9,0x02,0x00,0xB5,0x2C,0x2C,0x00,0x01,0x00,0x87,0x00,0x02,0x25,0x36,0x64},
	{0xA9,0x02,0x00,0xB5,0x2C,0x2C,0x00,0x01,0x00,0x87,0x00,0x02,0x25,0x36,0xC4},
	{0xA9,0x02,0x00,0xB5,0x2C,0x2C,0x00,0x01,0x00,0x87,0x00,0x02,0x25,0x37,0x24},
	{0xA9,0x02,0x00,0xB5,0x2C,0x2C,0x00,0x01,0x00,0x87,0x00,0x02,0x25,0x37,0xD4},
	{0xA9,0x02,0x00,0xB5,0x2C,0x2C,0x00,0x01,0x00,0x87,0x00,0x02,0x25,0x38,0x34},
	{0xA9,0x02,0x00,0xB5,0x2C,0x2C,0x00,0x01,0x00,0x87,0x00,0x02,0x25,0x38,0xA4},
	{0xA9,0x02,0x00,0xB5,0x2C,0x2C,0x00,0x01,0x00,0x87,0x00,0x02,0x25,0x38,0xF4},
	{0xA9,0x02,0x00,0xB5,0x2C,0x2C,0x00,0x01,0x00,0x87,0x00,0x02,0x25,0x39,0xB4},
	{0xA9,0x02,0x00,0xB5,0x2C,0x2C,0x00,0x01,0x00,0x87,0x00,0x02,0x25,0x3A,0x34},
	{0xA9,0x02,0x00,0xB5,0x2C,0x2C,0x00,0x01,0x00,0x87,0x00,0x02,0x25,0x3A,0x74},
	{0xA9,0x02,0x00,0xB5,0x2C,0x2C,0x00,0x01,0x00,0x87,0x00,0x02,0x25,0x3A,0xE4},
	{0xA9,0x02,0x00,0xB5,0x2C,0x2C,0x00,0x01,0x00,0x87,0x00,0x02,0x25,0x3B,0x74},
	{0xA9,0x02,0x00,0xB5,0x2C,0x2C,0x00,0x01,0x00,0x87,0x00,0x02,0x25,0x3B,0xE4},
	{0xA9,0x02,0x00,0xB5,0x2C,0x2C,0x00,0x01,0x00,0x87,0x00,0x02,0x25,0x3C,0x54},
	{0xA9,0x02,0x00,0xB5,0x2C,0x2C,0x00,0x01,0x00,0x87,0x00,0x02,0x25,0x3C,0xB4},
	{0xA9,0x02,0x00,0xB5,0x2C,0x2C,0x00,0x01,0x00,0x87,0x00,0x02,0x25,0x3D,0x74},
	{0xA9,0x02,0x00,0xB5,0x2C,0x2C,0x00,0x01,0x00,0x87,0x00,0x02,0x25,0x3D,0xC4},
	{0xA9,0x02,0x00,0xB5,0x2C,0x2C,0x00,0x01,0x00,0x87,0x00,0x02,0x25,0x3E,0x24},
	{0xA9,0x02,0x00,0xB5,0x2C,0x2C,0x00,0x01,0x00,0x87,0x00,0x02,0x25,0x3E,0x84},
	{0xA9,0x02,0x00,0xB5,0x2C,0x2C,0x00,0x01,0x00,0x87,0x00,0x02,0x25,0x3F,0x44},
	{0xA9,0x02,0x00,0xB5,0x2C,0x2C,0x00,0x01,0x00,0x87,0x00,0x02,0x25,0x3F,0xB4},
	{0xA9,0x02,0x00,0xB5,0x2C,0x2C,0x00,0x01,0x00,0x87,0x00,0x02,0x25,0x20,0x03},
	{0xA9,0x02,0x00,0xB5,0x2C,0x2C,0x00,0x01,0x00,0x87,0x00,0x02,0x25,0x20,0x43},
	{0xA9,0x02,0x00,0xB5,0x2C,0x2C,0x00,0x01,0x00,0x87,0x00,0x02,0x25,0x20,0xA3},
	{0xA9,0x02,0x00,0xB5,0x2C,0x2C,0x00,0x01,0x00,0x87,0x00,0x02,0x25,0x20,0xC3},
	{0xA9,0x02,0x00,0xB5,0x2C,0x2C,0x00,0x01,0x00,0x87,0x00,0x02,0x25,0x21,0x03},
	{0xA9,0x02,0x00,0xB5,0x2C,0x2C,0x00,0x01,0x00,0x87,0x00,0x02,0x25,0x21,0x33},
	{0xA9,0x02,0x00,0xB5,0x2C,0x2C,0x00,0x01,0x00,0x87,0x00,0x02,0x25,0x21,0x83},
	{0xA9,0x02,0x00,0xB5,0x2C,0x2C,0x00,0x01,0x00,0x87,0x00,0x02,0x25,0x21,0xB3},
	{0xA9,0x02,0x00,0xB5,0x2C,0x2C,0x00,0x01,0x00,0x87,0x00,0x02,0x25,0x22,0x03},
	{0xA9,0x02,0x00,0xB5,0x2C,0x2C,0x00,0x01,0x00,0x87,0x00,0x02,0x25,0x22,0x33},
	{0xA9,0x02,0x00,0xB5,0x2C,0x2C,0x00,0x01,0x00,0x87,0x00,0x02,0x25,0x22,0x83},
	{0xA9,0x02,0x00,0xB5,0x2C,0x2C,0x00,0x01,0x00,0x87,0x00,0x02,0x25,0x22,0xB3},
	{0xA9,0x02,0x00,0xB5,0x2C,0x2C,0x00,0x01,0x00,0x87,0x00,0x02,0x25,0x22,0xF3},
	{0xA9,0x02,0x00,0xB5,0x2C,0x2C,0x00,0x01,0x00,0x87,0x00,0x02,0x25,0x23,0x53},
	{0xA9,0x02,0x00,0xB5,0x2C,0x2C,0x00,0x01,0x00,0x87,0x00,0x02,0x25,0x23,0xA3},
	{0xA9,0x02,0x00,0xB5,0x2C,0x2C,0x00,0x01,0x00,0x87,0x00,0x02,0x25,0x23,0xC3},
	{0xA9,0x02,0x00,0xB5,0x2C,0x2C,0x00,0x01,0x00,0x87,0x00,0x02,0x25,0x23,0xF3},
	{0xA9,0x02,0x00,0xB5,0x2C,0x2C,0x00,0x01,0x00,0x87,0x00,0x02,0x25,0x24,0x43},
	{0xA9,0x02,0x00,0xB5,0x2C,0x2C,0x00,0x01,0x00,0x87,0x00,0x02,0x25,0x24,0x83},
	{0xA9,0x02,0x00,0xB5,0x2C,0x2C,0x00,0x01,0x00,0x87,0x00,0x02,0x25,0x24,0xB3},
	{0xA9,0x02,0x00,0xB5,0x2C,0x2C,0x00,0x01,0x00,0x87,0x00,0x02,0x25,0x24,0xE3},
	{0xA9,0x02,0x00,0xB5,0x2C,0x2C,0x00,0x01,0x00,0x87,0x00,0x02,0x25,0x25,0x43},
	{0xA9,0x02,0x00,0xB5,0x2C,0x2C,0x00,0x01,0x00,0x87,0x00,0x02,0x25,0x25,0x83},
	{0xA9,0x02,0x00,0xB5,0x2C,0x2C,0x00,0x01,0x00,0x87,0x00,0x02,0x25,0x25,0xB3},
	{0xA9,0x02,0x00,0xB5,0x2C,0x2C,0x00,0x01,0x00,0x87,0x00,0x02,0x25,0x25,0xE3},
	{0xA9,0x02,0x00,0xB5,0x2C,0x2C,0x00,0x01,0x00,0x87,0x00,0x02,0x25,0x26,0x53},
	{0xA9,0x02,0x00,0xB5,0x2C,0x2C,0x00,0x01,0x00,0x87,0x00,0x02,0x25,0x26,0x83},
	{0xA9,0x02,0x00,0xB5,0x2C,0x2C,0x00,0x01,0x00,0x87,0x00,0x02,0x25,0x26,0xC3},
	{0xA9,0x02,0x00,0xB5,0x2C,0x2C,0x00,0x01,0x00,0x87,0x00,0x02,0x25,0x26,0xF3},
	{0xA9,0x02,0x00,0xB5,0x2C,0x2C,0x00,0x01,0x00,0x87,0x00,0x02,0x25,0x27,0x43},
	{0xA9,0x02,0x00,0xB5,0x2C,0x2C,0x00,0x01,0x00,0x87,0x00,0x02,0x25,0x27,0x83},
	{0xA9,0x02,0x00,0xB5,0x2C,0x2C,0x00,0x01,0x00,0x87,0x00,0x02,0x25,0x27,0xB3},
	{0xA9,0x02,0x00,0xB5,0x2C,0x2C,0x00,0x01,0x00,0x87,0x00,0x02,0x25,0x27,0xF3},
	{0xA9,0x02,0x00,0xB5,0x2C,0x2C,0x00,0x01,0x00,0x87,0x00,0x02,0x25,0x28,0x53},
	{0xA9,0x02,0x00,0xB5,0x2C,0x2C,0x00,0x01,0x00,0x87,0x00,0x02,0x25,0x28,0x93},
	{0xA9,0x02,0x00,0xB5,0x2C,0x2C,0x00,0x01,0x00,0x87,0x00,0x02,0x25,0x28,0xD3},
	{0xA9,0x02,0x00,0xB5,0x2C,0x2C,0x00,0x01,0x00,0x87,0x00,0x02,0x25,0x28,0xF3},
	{0xA9,0x02,0x00,0xB5,0x2C,0x2C,0x00,0x01,0x00,0x87,0x00,0x02,0x25,0x29,0x63},
	{0xA9,0x02,0x00,0xB5,0x2C,0x2C,0x00,0x01,0x00,0x87,0x00,0x02,0x25,0x29,0xA3},
	{0xA9,0x02,0x00,0xB5,0x2C,0x2C,0x00,0x01,0x00,0x87,0x00,0x02,0x25,0x29,0xE3},
	{0xA9,0x02,0x00,0xB5,0x2C,0x2C,0x00,0x01,0x00,0x87,0x00,0x02,0x25,0x2A,0x03},
	{0xA9,0x02,0x00,0xB5,0x2C,0x2C,0x00,0x01,0x00,0x87,0x00,0x02,0x25,0x2A,0x63},
	{0xA9,0x02,0x00,0xB5,0x2C,0x2C,0x00,0x01,0x00,0x87,0x00,0x02,0x25,0x2A,0xA3},
	{0xA9,0x02,0x00,0xB5,0x2C,0x2C,0x00,0x01,0x00,0x87,0x00,0x02,0x25,0x2A,0xE3},
	{0xA9,0x02,0x00,0xB5,0x2C,0x2C,0x00,0x01,0x00,0x87,0x00,0x02,0x25,0x2B,0x03},
	{0xA9,0x02,0x00,0xB5,0x2C,0x2C,0x00,0x01,0x00,0x87,0x00,0x02,0x25,0x2B,0x63},
	{0xA9,0x02,0x00,0xB5,0x2C,0x2C,0x00,0x01,0x00,0x87,0x00,0x02,0x25,0x2B,0xA3},
	{0xA9,0x02,0x00,0xB5,0x2C,0x2C,0x00,0x01,0x00,0x87,0x00,0x02,0x25,0x2B,0xD3},
	{0xA9,0x02,0x00,0xB5,0x2C,0x2C,0x00,0x01,0x00,0x87,0x00,0x02,0x25,0x2C,0x23},
	{0xA9,0x02,0x00,0xB5,0x2C,0x2C,0x00,0x01,0x00,0x87,0x00,0x02,0x25,0x2C,0x93},
	{0xA9,0x02,0x00,0xB5,0x2C,0x2C,0x00,0x01,0x00,0x87,0x00,0x02,0x25,0x2C,0xB3},
	{0xA9,0x02,0x00,0xB5,0x2C,0x2C,0x00,0x01,0x00,0x87,0x00,0x02,0x25,0x2D,0x03},
	{0xA9,0x02,0x00,0xB5,0x2C,0x2C,0x00,0x01,0x00,0x87,0x00,0x02,0x25,0x2D,0x33},
	{0xA9,0x02,0x00,0xB5,0x2C,0x2C,0x00,0x01,0x00,0x87,0x00,0x02,0x25,0x2D,0xA3},
	{0xA9,0x02,0x00,0xB5,0x2C,0x2C,0x00,0x01,0x00,0x87,0x00,0x02,0x25,0x2D,0xE3},
	{0xA9,0x02,0x00,0xB5,0x2C,0x2C,0x00,0x01,0x00,0x87,0x00,0x02,0x25,0x2E,0x13},
	{0xA9,0x02,0x00,0xB5,0x2C,0x2C,0x00,0x01,0x00,0x87,0x00,0x02,0x25,0x2E,0x43},
	{0xA9,0x02,0x00,0xB5,0x2C,0x2C,0x00,0x01,0x00,0x87,0x00,0x02,0x25,0x2E,0xA3},
	{0xA9,0x02,0x00,0xB5,0x2C,0x2C,0x00,0x01,0x00,0x87,0x00,0x02,0x25,0x2E,0xE3},
	{0xA9,0x02,0x00,0xB5,0x2C,0x2C,0x00,0x01,0x00,0x87,0x00,0x02,0x25,0x2F,0x33},
	{0xA9,0x02,0x00,0xB5,0x2C,0x2C,0x00,0x01,0x00,0x87,0x00,0x02,0x25,0x2F,0x93},
	{0xA9,0x02,0x00,0xB5,0x2C,0x2C,0x00,0x01,0x00,0x87,0x00,0x02,0x25,0x2F,0xC3},
	{0xA9,0x02,0x00,0xB5,0x2C,0x2C,0x00,0x01,0x00,0x87,0x00,0x02,0x25,0x30,0x03},
	{0xA9,0x02,0x00,0xB5,0x2C,0x2C,0x00,0x01,0x00,0x87,0x00,0x02,0x25,0x30,0x33},
	{0xA9,0x02,0x00,0xB5,0x2C,0x2C,0x00,0x01,0x00,0x87,0x00,0x02,0x25,0x30,0x73},
	{0xA9,0x02,0x00,0xB5,0x2C,0x2C,0x00,0x01,0x00,0x87,0x00,0x02,0x25,0x30,0xA3},
	{0xA9,0x02,0x00,0xB5,0x2C,0x2C,0x00,0x01,0x00,0x87,0x00,0x02,0x25,0x30,0xD3},
	{0xA9,0x02,0x00,0xB5,0x2C,0x2C,0x00,0x01,0x00,0x87,0x00,0x02,0x25,0x31,0x13},
	{0xA9,0x02,0x00,0xB5,0x2C,0x2C,0x00,0x01,0x00,0x87,0x00,0x02,0x25,0x31,0x73},
	{0xA9,0x02,0x00,0xB5,0x2C,0x2C,0x00,0x01,0x00,0x87,0x00,0x02,0x25,0x31,0xA3},
	{0xA9,0x02,0x00,0xB5,0x2C,0x2C,0x00,0x01,0x00,0x87,0x00,0x02,0x25,0x31,0xC3},
	{0xA9,0x02,0x00,0xB5,0x2C,0x2C,0x00,0x01,0x00,0x87,0x00,0x02,0x25,0x32,0x03},
	{0xA9,0x02,0x00,0xB5,0x2C,0x2C,0x00,0x01,0x00,0x87,0x00,0x02,0x25,0x32,0x63},
	{0xA9,0x02,0x00,0xB5,0x2C,0x2C,0x00,0x01,0x00,0x87,0x00,0x02,0x25,0x32,0x83},
	{0xA9,0x02,0x00,0xB5,0x2C,0x2C,0x00,0x01,0x00,0x87,0x00,0x02,0x25,0x32,0xC3},
	{0xA9,0x02,0x00,0xB5,0x2C,0x2C,0x00,0x01,0x00,0x87,0x00,0x02,0x25,0x32,0xF3},
	{0xA9,0x02,0x00,0xB5,0x2C,0x2C,0x00,0x01,0x00,0x87,0x00,0x02,0x25,0x33,0x33},
	{0xA9,0x02,0x00,0xB5,0x2C,0x2C,0x00,0x01,0x00,0x87,0x00,0x02,0x25,0x33,0x83},
	{0xA9,0x02,0x00,0xB5,0x2C,0x2C,0x00,0x01,0x00,0x87,0x00,0x02,0x25,0x33,0xA3},
	{0xA9,0x02,0x00,0xB5,0x2C,0x2C,0x00,0x01,0x00,0x87,0x00,0x02,0x25,0x33,0xD3},
	{0xA9,0x02,0x00,0xB5,0x2C,0x2C,0x00,0x01,0x00,0x87,0x00,0x02,0x25,0x34,0x43},
	{0xA9,0x02,0x00,0xB5,0x2C,0x2C,0x00,0x01,0x00,0x87,0x00,0x02,0x25,0x34,0x83},
	{0xA9,0x02,0x00,0xB5,0x2C,0x2C,0x00,0x01,0x00,0x87,0x00,0x02,0x25,0x34,0x93},
	{0xA9,0x02,0x00,0xB5,0x2C,0x2C,0x00,0x01,0x00,0x87,0x00,0x02,0x25,0x34,0xF3},
	{0xA9,0x02,0x00,0xB5,0x2C,0x2C,0x00,0x01,0x00,0x87,0x00,0x02,0x25,0x35,0x23},
	{0xA9,0x02,0x00,0xB5,0x2C,0x2C,0x00,0x01,0x00,0x87,0x00,0x02,0x25,0x35,0x63},
	{0xA9,0x02,0x00,0xB5,0x2C,0x2C,0x00,0x01,0x00,0x87,0x00,0x02,0x25,0x35,0x93},
	{0xA9,0x02,0x00,0xB5,0x2C,0x2C,0x00,0x01,0x00,0x87,0x00,0x02,0x25,0x35,0xF3},
	{0xA9,0x02,0x00,0xB5,0x2C,0x2C,0x00,0x01,0x00,0x87,0x00,0x02,0x25,0x36,0x23},
	{0xA9,0x02,0x00,0xB5,0x2C,0x2C,0x00,0x01,0x00,0x87,0x00,0x02,0x25,0x36,0x63},
	{0xA9,0x02,0x00,0xB5,0x2C,0x2C,0x00,0x01,0x00,0x87,0x00,0x02,0x25,0x36,0x93},
	{0xA9,0x02,0x00,0xB5,0x2C,0x2C,0x00,0x01,0x00,0x87,0x00,0x02,0x25,0x36,0xE3},
	{0xA9,0x02,0x00,0xB5,0x2C,0x2C,0x00,0x01,0x00,0x87,0x00,0x02,0x25,0x37,0x23},
	{0xA9,0x02,0x00,0xB5,0x2C,0x2C,0x00,0x01,0x00,0x87,0x00,0x02,0x25,0x37,0x63},
	{0xA9,0x02,0x00,0xB5,0x2C,0x2C,0x00,0x01,0x00,0x87,0x00,0x02,0x25,0x37,0x93},
	{0xA9,0x02,0x00,0xB5,0x2C,0x2C,0x00,0x01,0x00,0x87,0x00,0x02,0x25,0x37,0xD3},
	{0xA9,0x02,0x00,0xB5,0x2C,0x2C,0x00,0x01,0x00,0x87,0x00,0x02,0x25,0x38,0x13},
	{0xA9,0x02,0x00,0xB5,0x2C,0x2C,0x00,0x01,0x00,0x87,0x00,0x02,0x25,0x38,0x53},
	{0xA9,0x02,0x00,0xB5,0x2C,0x2C,0x00,0x01,0x00,0x87,0x00,0x02,0x25,0x38,0x83},
	{0xA9,0x02,0x00,0xB5,0x2C,0x2C,0x00,0x01,0x00,0x87,0x00,0x02,0x25,0x38,0xD3},
	{0xA9,0x02,0x00,0xB5,0x2C,0x2C,0x00,0x01,0x00,0x87,0x00,0x02,0x25,0x39,0x03},
	{0xA9,0x02,0x00,0xB5,0x2C,0x2C,0x00,0x01,0x00,0x87,0x00,0x02,0x25,0x39,0x23},
	{0xA9,0x02,0x00,0xB5,0x2C,0x2C,0x00,0x01,0x00,0x87,0x00,0x02,0x25,0x39,0x63},
	{0xA9,0x02,0x00,0xB5,0x2C,0x2C,0x00,0x01,0x00,0x87,0x00,0x02,0x25,0x39,0xC3},
	{0xA9,0x02,0x00,0xB5,0x2C,0x2C,0x00,0x01,0x00,0x87,0x00,0x02,0x25,0x3A,0x03},
	{0xA9,0x02,0x00,0xB5,0x2C,0x2C,0x00,0x01,0x00,0x87,0x00,0x02,0x25,0x3A,0x23},
	{0xA9,0x02,0x00,0xB5,0x2C,0x2C,0x00,0x01,0x00,0x87,0x00,0x02,0x25,0x3A,0x83},
	{0xA9,0x02,0x00,0xB5,0x2C,0x2C,0x00,0x01,0x00,0x87,0x00,0x02,0x25,0x3A,0xB3},
	{0xA9,0x02,0x00,0xB5,0x2C,0x2C,0x00,0x01,0x00,0x87,0x00,0x02,0x25,0x3A,0xE3},
	{0xA9,0x02,0x00,0xB5,0x2C,0x2C,0x00,0x01,0x00,0x87,0x00,0x02,0x25,0x3B,0x23},
	{0xA9,0x02,0x00,0xB5,0x2C,0x2C,0x00,0x01,0x00,0x87,0x00,0x02,0x25,0x3B,0x93},
	{0xA9,0x02,0x00,0xB5,0x2C,0x2C,0x00,0x01,0x00,0x87,0x00,0x02,0x25,0x3B,0xB3},
	{0xA9,0x02,0x00,0xB5,0x2C,0x2C,0x00,0x01,0x00,0x87,0x00,0x02,0x25,0x3B,0xE3},
	{0xA9,0x02,0x00,0xB5,0x2C,0x2C,0x00,0x01,0x00,0x87,0x00,0x02,0x25,0x3C,0x23},
	{0xA9,0x02,0x00,0xB5,0x2C,0x2C,0x00,0x01,0x00,0x87,0x00,0x02,0x25,0x3C,0x83},
	{0xA9,0x02,0x00,0xB5,0x2C,0x2C,0x00,0x01,0x00,0x87,0x00,0x02,0x25,0x3C,0xB3},
	{0xA9,0x02,0x00,0xB5,0x2C,0x2C,0x00,0x01,0x00,0x87,0x00,0x02,0x25,0x3C,0xF3},
	{0xA9,0x02,0x00,0xB5,0x2C,0x2C,0x00,0x01,0x00,0x87,0x00,0x02,0x25,0x3D,0x13},
	{0xA9,0x02,0x00,0xB5,0x2C,0x2C,0x00,0x01,0x00,0x87,0x00,0x02,0x25,0x3D,0x73},
	{0xA9,0x02,0x00,0xB5,0x2C,0x2C,0x00,0x01,0x00,0x87,0x00,0x02,0x25,0x3D,0xA3},
	{0xA9,0x02,0x00,0xB5,0x2C,0x2C,0x00,0x01,0x00,0x87,0x00,0x02,0x25,0x3D,0xE3},
	{0xA9,0x02,0x00,0xB5,0x2C,0x2C,0x00,0x01,0x00,0x87,0x00,0x02,0x25,0x3D,0xF3},
	{0xA9,0x02,0x00,0xB5,0x2C,0x2C,0x00,0x01,0x00,0x87,0x00,0x02,0x25,0x3E,0x73},
	{0xA9,0x02,0x00,0xB5,0x2C,0x2C,0x00,0x01,0x00,0x87,0x00,0x02,0x25,0x3E,0x93},
	{0xA9,0x02,0x00,0xB5,0x2C,0x2C,0x00,0x01,0x00,0x87,0x00,0x02,0x25,0x3E,0xE3},
	{0xA9,0x02,0x00,0xB5,0x2C,0x2C,0x00,0x01,0x00,0x87,0x00,0x02,0x25,0x3F,0x03},
	{0xA9,0x02,0x00,0xB5,0x2C,0x2C,0x00,0x01,0x00,0x87,0x00,0x02,0x25,0x3F,0x73},
	{0xA9,0x02,0x00,0xB5,0x2C,0x2C,0x00,0x01,0x00,0x87,0x00,0x02,0x25,0x3F,0xA3},
	{0xA9,0x02,0x00,0xB5,0x2C,0x2C,0x00,0x01,0x00,0x87,0x00,0x02,0x25,0x3F,0xD3},
	{0xA9,0x02,0x00,0xB5,0x2C,0x2C,0x00,0x01,0x00,0x87,0x00,0x02,0x25,0x20,0x12},
	{0xA9,0x02,0x00,0xB5,0x2C,0x2C,0x00,0x01,0x00,0x87,0x00,0x02,0x25,0x20,0x32},
	{0xA9,0x02,0x00,0xB5,0x2C,0x2C,0x00,0x01,0x00,0x87,0x00,0x02,0x25,0x20,0x42},
	{0xA9,0x02,0x00,0xB5,0x2C,0x2C,0x00,0x01,0x00,0x87,0x00,0x02,0x25,0x20,0x62},
	{0xA9,0x02,0x00,0xB5,0x2C,0x2C,0x00,0x01,0x00,0x87,0x00,0x02,0x25,0x20,0x92},
	{0xA9,0x02,0x00,0xB5,0x2C,0x2C,0x00,0x01,0x00,0x87,0x00,0x02,0x25,0x20,0xB2},
	{0xA9,0x02,0x00,0xB5,0x2C,0x2C,0x00,0x01,0x00,0x87,0x00,0x02,0x25,0x20,0xC2},
	{0xA9,0x02,0x00,0xB5,0x2C,0x2C,0x00,0x01,0x00,0x87,0x00,0x02,0x25,0x20,0xE2},
	{0xA9,0x02,0x00,0xB5,0x2C,0x2C,0x00,0x01,0x00,0x87,0x00,0x02,0x25,0x21,0x02},
	{0xA9,0x02,0x00,0xB5,0x2C,0x2C,0x00,0x01,0x00,0x87,0x00,0x02,0x25,0x21,0x22},
	{0xA9,0x02,0x00,0xB5,0x2C,0x2C,0x00,0x01,0x00,0x87,0x00,0x02,0x25,0x21,0x32},
	{0xA9,0x02,0x00,0xB5,0x2C,0x2C,0x00,0x01,0x00,0x87,0x00,0x02,0x25,0x21,0x62},
	{0xA9,0x02,0x00,0xB5,0x2C,0x2C,0x00,0x01,0x00,0x87,0x00,0x02,0x25,0x21,0x82},
	{0xA9,0x02,0x00,0xB5,0x2C,0x2C,0x00,0x01,0x00,0x87,0x00,0x02,0x25,0x21,0xB2},
	{0xA9,0x02,0x00,0xB5,0x2C,0x2C,0x00,0x01,0x00,0x87,0x00,0x02,0x25,0x21,0xC2},
	{0xA9,0x02,0x00,0xB5,0x2C,0x2C,0x00,0x01,0x00,0x87,0x00,0x02,0x25,0x21,0xD2},
	{0xA9,0x02,0x00,0xB5,0x2C,0x2C,0x00,0x01,0x00,0x87,0x00,0x02,0x25,0x22,0x02},
	{0xA9,0x02,0x00,0xB5,0x2C,0x2C,0x00,0x01,0x00,0x87,0x00,0x02,0x25,0x22,0x22},
	{0xA9,0x02,0x00,0xB5,0x2C,0x2C,0x00,0x01,0x00,0x87,0x00,0x02,0x25,0x22,0x32},
	{0xA9,0x02,0x00,0xB5,0x2C,0x2C,0x00,0x01,0x00,0x87,0x00,0x02,0x25,0x22,0x52},
	{0xA9,0x02,0x00,0xB5,0x2C,0x2C,0x00,0x01,0x00,0x87,0x00,0x02,0x25,0x22,0x92},
	{0xA9,0x02,0x00,0xB5,0x2C,0x2C,0x00,0x01,0x00,0x87,0x00,0x02,0x25,0x22,0xA2},
	{0xA9,0x02,0x00,0xB5,0x2C,0x2C,0x00,0x01,0x00,0x87,0x00,0x02,0x25,0x22,0xC2},
	{0xA9,0x02,0x00,0xB5,0x2C,0x2C,0x00,0x01,0x00,0x87,0x00,0x02,0x25,0x22,0xF2},
	{0xA9,0x02,0x00,0xB5,0x2C,0x2C,0x00,0x01,0x00,0x87,0x00,0x02,0x25,0x23,0x12},
	{0xA9,0x02,0x00,0xB5,0x2C,0x2C,0x00,0x01,0x00,0x87,0x00,0x02,0x25,0x23,0x22},
	{0xA9,0x02,0x00,0xB5,0x2C,0x2C,0x00,0x01,0x00,0x87,0x00,0x02,0x25,0x23,0x32},
	{0xA9,0x02,0x00,0xB5,0x2C,0x2C,0x00,0x01,0x00,0x87,0x00,0x02,0x25,0x23,0x72},
	{0xA9,0x02,0x00,0xB5,0x2C,0x2C,0x00,0x01,0x00,0x87,0x00,0x02,0x25,0x23,0x82},
	{0xA9,0x02,0x00,0xB5,0x2C,0x2C,0x00,0x01,0x00,0x87,0x00,0x02,0x25,0x23,0xA2},
	{0xA9,0x02,0x00,0xB5,0x2C,0x2C,0x00,0x01,0x00,0x87,0x00,0x02,0x25,0x23,0xB2},
	{0xA9,0x02,0x00,0xB5,0x2C,0x2C,0x00,0x01,0x00,0x87,0x00,0x02,0x25,0x23,0xF2},
	{0xA9,0x02,0x00,0xB5,0x2C,0x2C,0x00,0x01,0x00,0x87,0x00,0x02,0x25,0x24,0x12},
	{0xA9,0x02,0x00,0xB5,0x2C,0x2C,0x00,0x01,0x00,0x87,0x00,0x02,0x25,0x24,0x32},
	{0xA9,0x02,0x00,0xB5,0x2C,0x2C,0x00,0x01,0x00,0x87,0x00,0x02,0x25,0x24,0x42},
	{0xA9,0x02,0x00,0xB5,0x2C,0x2C,0x00,0x01,0x00,0x87,0x00,0x02,0x25,0x24,0x72},
	{0xA9,0x02,0x00,0xB5,0x2C,0x2C,0x00,0x01,0x00,0x87,0x00,0x02,0x25,0x24,0x92},
	{0xA9,0x02,0x00,0xB5,0x2C,0x2C,0x00,0x01,0x00,0x87,0x00,0x02,0x25,0x24,0xB2},
	{0xA9,0x02,0x00,0xB5,0x2C,0x2C,0x00,0x01,0x00,0x87,0x00,0x02,0x25,0x24,0xC2},
	{0xA9,0x02,0x00,0xB5,0x2C,0x2C,0x00,0x01,0x00,0x87,0x00,0x02,0x25,0x25,0x02},
	{0xA9,0x02,0x00,0xB5,0x2C,0x2C,0x00,0x01,0x00,0x87,0x00,0x02,0x25,0x25,0x12},
	{0xA9,0x02,0x00,0xB5,0x2C,0x2C,0x00,0x01,0x00,0x87,0x00,0x02,0x25,0x25,0x22},
	{0xA9,0x02,0x00,0xB5,0x2C,0x2C,0x00,0x01,0x00,0x87,0x00,0x02,0x25,0x25,0x52},
	{0xA9,0x02,0x00,0xB5,0x2C,0x2C,0x00,0x01,0x00,0x87,0x00,0x02,0x25,0x25,0x72},
	{0xA9,0x02,0x00,0xB5,0x2C,0x2C,0x00,0x01,0x00,0x87,0x00,0x02,0x25,0x25,0x92},
	{0xA9,0x02,0x00,0xB5,0x2C,0x2C,0x00,0x01,0x00,0x87,0x00,0x02,0x25,0x25,0xB2},
	{0xA9,0x02,0x00,0xB5,0x2C,0x2C,0x00,0x01,0x00,0x87,0x00,0x02,0x25,0x25,0xE2},
	{0xA9,0x02,0x00,0xB5,0x2C,0x2C,0x00,0x01,0x00,0x87,0x00,0x02,0x25,0x26,0x02},
	{0xA9,0x02,0x00,0xB5,0x2C,0x2C,0x00,0x01,0x00,0x87,0x00,0x02,0x25,0x26,0x22},
	{0xA9,0x02,0x00,0xB5,0x2C,0x2C,0x00,0x01,0x00,0x87,0x00,0x02,0x25,0x26,0x42},
	{0xA9,0x02,0x00,0xB5,0x2C,0x2C,0x00,0x01,0x00,0x87,0x00,0x02,0x25,0x26,0x62},
	{0xA9,0x02,0x00,0xB5,0x2C,0x2C,0x00,0x01,0x00,0x87,0x00,0x02,0x25,0x26,0x82},
	{0xA9,0x02,0x00,0xB5,0x2C,0x2C,0x00,0x01,0x00,0x87,0x00,0x02,0x25,0x26,0xA2},
	{0xA9,0x02,0x00,0xB5,0x2C,0x2C,0x00,0x01,0x00,0x87,0x00,0x02,0x25,0x26,0xB2},
	{0xA9,0x02,0x00,0xB5,0x2C,0x2C,0x00,0x01,0x00,0x87,0x00,0x02,0x25,0x26,0xE2},
	{0xA9,0x02,0x00,0xB5,0x2C,0x2C,0x00,0x01,0x00,0x87,0x00,0x02,0x25,0x27,0x02},
	{0xA9,0x02,0x00,0xB5,0x2C,0x2C,0x00,0x01,0x00,0x87,0x00,0x02,0x25,0x27,0x22},
	{0xA9,0x02,0x00,0xB5,0x2C,0x2C,0x00,0x01,0x00,0x87,0x00,0x02,0x25,0x27,0x42},
	{0xA9,0x02,0x00,0xB5,0x2C,0x2C,0x00,0x01,0x00,0x87,0x00,0x02,0x25,0x27,0x72},
	{0xA9,0x02,0x00,0xB5,0x2C,0x2C,0x00,0x01,0x00,0x87,0x00,0x02,0x25,0x27,0x92},
	{0xA9,0x02,0x00,0xB5,0x2C,0x2C,0x00,0x01,0x00,0x87,0x00,0x02,0x25,0x27,0xB2},
	{0xA9,0x02,0x00,0xB5,0x2C,0x2C,0x00,0x01,0x00,0x87,0x00,0x02,0x25,0x27,0xC2},
	{0xA9,0x02,0x00,0xB5,0x2C,0x2C,0x00,0x01,0x00,0x87,0x00,0x02,0x25,0x27,0xF2},
	{0xA9,0x02,0x00,0xB5,0x2C,0x2C,0x00,0x01,0x00,0x87,0x00,0x02,0x25,0x28,0x12},
	{0xA9,0x02,0x00,0xB5,0x2C,0x2C,0x00,0x01,0x00,0x87,0x00,0x02,0x25,0x28,0x32},
	{0xA9,0x02,0x00,0xB5,0x2C,0x2C,0x00,0x01,0x00,0x87,0x00,0x02,0x25,0x28,0x32},
	{0xA9,0x02,0x00,0xB5,0x2C,0x2C,0x00,0x01,0x00,0x87,0x00,0x02,0x25,0x28,0x42},
	{0xA9,0x02,0x00,0xB5,0x2C,0x2C,0x00,0x01,0x00,0x87,0x00,0x02,0x25,0x28,0x52},
	{0xA9,0x02,0x00,0xB5,0x2C,0x2C,0x00,0x01,0x00,0x87,0x00,0x02,0x25,0x28,0x82},
	{0xA9,0x02,0x00,0xB5,0x2C,0x2C,0x00,0x01,0x00,0x87,0x00,0x02,0x25,0x28,0x82},
	{0xA9,0x02,0x00,0xB5,0x2C,0x2C,0x00,0x01,0x00,0x87,0x00,0x02,0x25,0x28,0xA2},
	{0xA9,0x02,0x00,0xB5,0x2C,0x2C,0x00,0x01,0x00,0x87,0x00,0x02,0x25,0x28,0xB2},
	{0xA9,0x02,0x00,0xB5,0x2C,0x2C,0x00,0x01,0x00,0x87,0x00,0x02,0x25,0x28,0xD2},
	{0xA9,0x02,0x00,0xB5,0x2C,0x2C,0x00,0x01,0x00,0x87,0x00,0x02,0x25,0x28,0xE2},
	{0xA9,0x02,0x00,0xB5,0x2C,0x2C,0x00,0x01,0x00,0x87,0x00,0x02,0x25,0x28,0xF2},
	{0xA9,0x02,0x00,0xB5,0x2C,0x2C,0x00,0x01,0x00,0x87,0x00,0x02,0x25,0x29,0x12},
	{0xA9,0x02,0x00,0xB5,0x2C,0x2C,0x00,0x01,0x00,0x87,0x00,0x02,0x25,0x29,0x22},
	{0xA9,0x02,0x00,0xB5,0x2C,0x2C,0x00,0x01,0x00,0x87,0x00,0x02,0x25,0x29,0x32},
	{0xA9,0x02,0x00,0xB5,0x2C,0x2C,0x00,0x01,0x00,0x87,0x00,0x02,0x25,0x29,0x52},
	{0xA9,0x02,0x00,0xB5,0x2C,0x2C,0x00,0x01,0x00,0x87,0x00,0x02,0x25,0x29,0x62},
	{0xA9,0x02,0x00,0xB5,0x2C,0x2C,0x00,0x01,0x00,0x87,0x00,0x02,0x25,0x29,0x82},
	{0xA9,0x02,0x00,0xB5,0x2C,0x2C,0x00,0x01,0x00,0x87,0x00,0x02,0x25,0x29,0x92},
	{0xA9,0x02,0x00,0xB5,0x2C,0x2C,0x00,0x01,0x00,0x87,0x00,0x02,0x25,0x29,0xB2},
	{0xA9,0x02,0x00,0xB5,0x2C,0x2C,0x00,0x01,0x00,0x87,0x00,0x02,0x25,0x29,0xC2},
	{0xA9,0x02,0x00,0xB5,0x2C,0x2C,0x00,0x01,0x00,0x87,0x00,0x02,0x25,0x29,0xD2},
	{0xA9,0x02,0x00,0xB5,0x2C,0x2C,0x00,0x01,0x00,0x87,0x00,0x02,0x25,0x29,0xF2},
	{0xA9,0x02,0x00,0xB5,0x2C,0x2C,0x00,0x01,0x00,0x87,0x00,0x02,0x25,0x2A,0x02},
	{0xA9,0x02,0x00,0xB5,0x2C,0x2C,0x00,0x01,0x00,0x87,0x00,0x02,0x25,0x2A,0x22},
	{0xA9,0x02,0x00,0xB5,0x2C,0x2C,0x00,0x01,0x00,0x87,0x00,0x02,0x25,0x2A,0x32},
	{0xA9,0x02,0x00,0xB5,0x2C,0x2C,0x00,0x01,0x00,0x87,0x00,0x02,0x25,0x2A,0x52},
	{0xA9,0x02,0x00,0xB5,0x2C,0x2C,0x00,0x01,0x00,0x87,0x00,0x02,0x25,0x2A,0x62},
	{0xA9,0x02,0x00,0xB5,0x2C,0x2C,0x00,0x01,0x00,0x87,0x00,0x02,0x25,0x2A,0x72},
	{0xA9,0x02,0x00,0xB5,0x2C,0x2C,0x00,0x01,0x00,0x87,0x00,0x02,0x25,0x2A,0x82},
	{0xA9,0x02,0x00,0xB5,0x2C,0x2C,0x00,0x01,0x00,0x87,0x00,0x02,0x25,0x2A,0xA2},
	{0xA9,0x02,0x00,0xB5,0x2C,0x2C,0x00,0x01,0x00,0x87,0x00,0x02,0x25,0x2A,0xB2},
	{0xA9,0x02,0x00,0xB5,0x2C,0x2C,0x00,0x01,0x00,0x87,0x00,0x02,0x25,0x2A,0xC2},
	{0xA9,0x02,0x00,0xB5,0x2C,0x2C,0x00,0x01,0x00,0x87,0x00,0x02,0x25,0x2A,0xE2},
	{0xA9,0x02,0x00,0xB5,0x2C,0x2C,0x00,0x01,0x00,0x87,0x00,0x02,0x25,0x2B,0x02},
	{0xA9,0x02,0x00,0xB5,0x2C,0x2C,0x00,0x01,0x00,0x87,0x00,0x02,0x25,0x2B,0x12},
	{0xA9,0x02,0x00,0xB5,0x2C,0x2C,0x00,0x01,0x00,0x87,0x00,0x02,0x25,0x2B,0x32},
	{0xA9,0x02,0x00,0xB5,0x2C,0x2C,0x00,0x01,0x00,0x87,0x00,0x02,0x25,0x2B,0x32},
	{0xA9,0x02,0x00,0xB5,0x2C,0x2C,0x00,0x01,0x00,0x87,0x00,0x02,0x25,0x2B,0x42},
	{0xA9,0x02,0x00,0xB5,0x2C,0x2C,0x00,0x01,0x00,0x87,0x00,0x02,0x25,0x2B,0x62},
	{0xA9,0x02,0x00,0xB5,0x2C,0x2C,0x00,0x01,0x00,0x87,0x00,0x02,0x25,0x2B,0x82},
	{0xA9,0x02,0x00,0xB5,0x2C,0x2C,0x00,0x01,0x00,0x87,0x00,0x02,0x25,0x2B,0x92},
	{0xA9,0x02,0x00,0xB5,0x2C,0x2C,0x00,0x01,0x00,0x87,0x00,0x02,0x25,0x2B,0xA2},
	{0xA9,0x02,0x00,0xB5,0x2C,0x2C,0x00,0x01,0x00,0x87,0x00,0x02,0x25,0x2B,0xC2},
	{0xA9,0x02,0x00,0xB5,0x2C,0x2C,0x00,0x01,0x00,0x87,0x00,0x02,0x25,0x2B,0xE2},
	{0xA9,0x02,0x00,0xB5,0x2C,0x2C,0x00,0x01,0x00,0x87,0x00,0x02,0x25,0x2B,0xF2},
	{0xA9,0x02,0x00,0xB5,0x2C,0x2C,0x00,0x01,0x00,0x87,0x00,0x02,0x25,0x2C,0x02},
	{0xA9,0x02,0x00,0xB5,0x2C,0x2C,0x00,0x01,0x00,0x87,0x00,0x02,0x25,0x2C,0x22},
	{0xA9,0x02,0x00,0xB5,0x2C,0x2C,0x00,0x01,0x00,0x87,0x00,0x02,0x25,0x2C,0x42},
	{0xA9,0x02,0x00,0xB5,0x2C,0x2C,0x00,0x01,0x00,0x87,0x00,0x02,0x25,0x2C,0x52},
	{0xA9,0x02,0x00,0xB5,0x2C,0x2C,0x00,0x01,0x00,0x87,0x00,0x02,0x25,0x2C,0x62},
	{0xA9,0x02,0x00,0xB5,0x2C,0x2C,0x00,0x01,0x00,0x87,0x00,0x02,0x25,0x2C,0x82},
	{0xA9,0x02,0x00,0xB5,0x2C,0x2C,0x00,0x01,0x00,0x87,0x00,0x02,0x25,0x2C,0xA2},
	{0xA9,0x02,0x00,0xB5,0x2C,0x2C,0x00,0x01,0x00,0x87,0x00,0x02,0x25,0x2C,0xB2},
	{0xA9,0x02,0x00,0xB5,0x2C,0x2C,0x00,0x01,0x00,0x87,0x00,0x02,0x25,0x2C,0xC2},
	{0xA9,0x02,0x00,0xB5,0x2C,0x2C,0x00,0x01,0x00,0x87,0x00,0x02,0x25,0x2C,0xF2},
	{0xA9,0x02,0x00,0xB5,0x2C,0x2C,0x00,0x01,0x00,0x87,0x00,0x02,0x25,0x2D,0x02},
	{0xA9,0x02,0x00,0xB5,0x2C,0x2C,0x00,0x01,0x00,0x87,0x00,0x02,0x25,0x2D,0x22},
	{0xA9,0x02,0x00,0xB5,0x2C,0x2C,0x00,0x01,0x00,0x87,0x00,0x02,0x25,0x2D,0x42},
	{0xA9,0x02,0x00,0xB5,0x2C,0x2C,0x00,0x01,0x00,0x87,0x00,0x02,0x25,0x2D,0x52},
	{0xA9,0x02,0x00,0xB5,0x2C,0x2C,0x00,0x01,0x00,0x87,0x00,0x02,0x25,0x2D,0x52},
	{0xA9,0x02,0x00,0xB5,0x2C,0x2C,0x00,0x01,0x00,0x87,0x00,0x02,0x25,0x2D,0x72},
	{0xA9,0x02,0x00,0xB5,0x2C,0x2C,0x00,0x01,0x00,0x87,0x00,0x02,0x25,0x2D,0x92},
	{0xA9,0x02,0x00,0xB5,0x2C,0x2C,0x00,0x01,0x00,0x87,0x00,0x02,0x25,0x2D,0x92},
	{0xA9,0x02,0x00,0xB5,0x2C,0x2C,0x00,0x01,0x00,0x87,0x00,0x02,0x25,0x2D,0xC2},
	{0xA9,0x02,0x00,0xB5,0x2C,0x2C,0x00,0x01,0x00,0x87,0x00,0x02,0x25,0x2D,0xE2},
	{0xA9,0x02,0x00,0xB5,0x2C,0x2C,0x00,0x01,0x00,0x87,0x00,0x02,0x25,0x2D,0xF2},
	{0xA9,0x02,0x00,0xB5,0x2C,0x2C,0x00,0x01,0x00,0x87,0x00,0x02,0x25,0x2E,0x22},
	{0xA9,0x02,0x00,0xB5,0x2C,0x2C,0x00,0x01,0x00,0x87,0x00,0x02,0x25,0x2E,0x32},
	{0xA9,0x02,0x00,0xB5,0x2C,0x2C,0x00,0x01,0x00,0x87,0x00,0x02,0x25,0x2E,0x42},
	{0xA9,0x02,0x00,0xB5,0x2C,0x2C,0x00,0x01,0x00,0x87,0x00,0x02,0x25,0x2E,0x52},
	{0xA9,0x02,0x00,0xB5,0x2C,0x2C,0x00,0x01,0x00,0x87,0x00,0x02,0x25,0x2E,0x62},
	{0xA9,0x02,0x00,0xB5,0x2C,0x2C,0x00,0x01,0x00,0x87,0x00,0x02,0x25,0x2E,0x92},
	{0xA9,0x02,0x00,0xB5,0x2C,0x2C,0x00,0x01,0x00,0x87,0x00,0x02,0x25,0x2E,0xD2},
	{0xA9,0x02,0x00,0xB5,0x2C,0x2C,0x00,0x01,0x00,0x87,0x00,0x02,0x25,0x2E,0xF2},
	{0xA9,0x02,0x00,0xB5,0x2C,0x2C,0x00,0x01,0x00,0x87,0x00,0x02,0x25,0x2F,0x12},
	{0xA9,0x02,0x00,0xB5,0x2C,0x2C,0x00,0x01,0x00,0x87,0x00,0x02,0x25,0x2F,0x22},
	{0xA9,0x02,0x00,0xB5,0x2C,0x2C,0x00,0x01,0x00,0x87,0x00,0x02,0x25,0x2F,0x32},
	{0xA9,0x02,0x00,0xB5,0x2C,0x2C,0x00,0x01,0x00,0x87,0x00,0x02,0x25,0x2F,0x52},
	{0xA9,0x02,0x00,0xB5,0x2C,0x2C,0x00,0x01,0x00,0x87,0x00,0x02,0x25,0x2F,0x72},
	{0xA9,0x02,0x00,0xB5,0x2C,0x2C,0x00,0x01,0x00,0x87,0x00,0x02,0x25,0x2F,0x82},
	{0xA9,0x02,0x00,0xB5,0x2C,0x2C,0x00,0x01,0x00,0x87,0x00,0x02,0x25,0x2F,0x92},
	{0xA9,0x02,0x00,0xB5,0x2C,0x2C,0x00,0x01,0x00,0x87,0x00,0x02,0x25,0x2F,0xC2},
	{0xA9,0x02,0x00,0xB5,0x2C,0x2C,0x00,0x01,0x00,0x87,0x00,0x02,0x25,0x2F,0xC2},
	{0xA9,0x02,0x00,0xB5,0x2C,0x2C,0x00,0x01,0x00,0x87,0x00,0x02,0x25,0x2F,0xF2},
	{0xA9,0x02,0x00,0xB5,0x2C,0x2C,0x00,0x01,0x00,0x87,0x00,0x02,0x25,0x2F,0xF2},
	{0xA9,0x02,0x00,0xB5,0x2C,0x2C,0x00,0x01,0x00,0x87,0x00,0x02,0x25,0x30,0x22},
	{0xA9,0x02,0x00,0xB5,0x2C,0x2C,0x00,0x01,0x00,0x87,0x00,0x02,0x25,0x30,0x32},
	{0xA9,0x02,0x00,0xB5,0x2C,0x2C,0x00,0x01,0x00,0x87,0x00,0x02,0x25,0x30,0x52},
	{0xA9,0x02,0x00,0xB5,0x2C,0x2C,0x00,0x01,0x00,0x87,0x00,0x02,0x25,0x30,0x72},
	{0xA9,0x02,0x00,0xB5,0x2C,0x2C,0x00,0x01,0x00,0x87,0x00,0x02,0x25,0x30,0x92},
	{0xA9,0x02,0x00,0xB5,0x2C,0x2C,0x00,0x01,0x00,0x87,0x00,0x02,0x25,0x30,0xA2},
	{0xA9,0x02,0x00,0xB5,0x2C,0x2C,0x00,0x01,0x00,0x87,0x00,0x02,0x25,0x30,0xC2},
	{0xA9,0x02,0x00,0xB5,0x2C,0x2C,0x00,0x01,0x00,0x87,0x00,0x02,0x25,0x30,0xD2},
	{0xA9,0x02,0x00,0xB5,0x2C,0x2C,0x00,0x01,0x00,0x87,0x00,0x02,0x25,0x30,0xF2},
	{0xA9,0x02,0x00,0xB5,0x2C,0x2C,0x00,0x01,0x00,0x87,0x00,0x02,0x25,0x31,0x12},
	{0xA9,0x02,0x00,0xB5,0x2C,0x2C,0x00,0x01,0x00,0x87,0x00,0x02,0x25,0x31,0x22},
	{0xA9,0x02,0x00,0xB5,0x2C,0x2C,0x00,0x01,0x00,0x87,0x00,0x02,0x25,0x31,0x42},
	{0xA9,0x02,0x00,0xB5,0x2C,0x2C,0x00,0x01,0x00,0x87,0x00,0x02,0x25,0x31,0x62},
	{0xA9,0x02,0x00,0xB5,0x2C,0x2C,0x00,0x01,0x00,0x87,0x00,0x02,0x25,0x31,0x72},
	{0xA9,0x02,0x00,0xB5,0x2C,0x2C,0x00,0x01,0x00,0x87,0x00,0x02,0x25,0x31,0x92},
	{0xA9,0x02,0x00,0xB5,0x2C,0x2C,0x00,0x01,0x00,0x87,0x00,0x02,0x25,0x31,0xA2},
	{0xA9,0x02,0x00,0xB5,0x2C,0x2C,0x00,0x01,0x00,0x87,0x00,0x02,0x25,0x31,0xC2},
	{0xA9,0x02,0x00,0xB5,0x2C,0x2C,0x00,0x01,0x00,0x87,0x00,0x02,0x25,0x31,0xD2},
	{0xA9,0x02,0x00,0xB5,0x2C,0x2C,0x00,0x01,0x00,0x87,0x00,0x02,0x25,0x31,0xF2},
	{0xA9,0x02,0x00,0xB5,0x2C,0x2C,0x00,0x01,0x00,0x87,0x00,0x02,0x25,0x32,0x12},
	{0xA9,0x02,0x00,0xB5,0x2C,0x2C,0x00,0x01,0x00,0x87,0x00,0x02,0x25,0x32,0x32},
	{0xA9,0x02,0x00,0xB5,0x2C,0x2C,0x00,0x01,0x00,0x87,0x00,0x02,0x25,0x32,0x32},
	{0xA9,0x02,0x00,0xB5,0x2C,0x2C,0x00,0x01,0x00,0x87,0x00,0x02,0x25,0x32,0x62},
	{0xA9,0x02,0x00,0xB5,0x2C,0x2C,0x00,0x01,0x00,0x87,0x00,0x02,0x25,0x32,0x72},
	{0xA9,0x02,0x00,0xB5,0x2C,0x2C,0x00,0x01,0x00,0x87,0x00,0x02,0x25,0x32,0x82},
	{0xA9,0x02,0x00,0xB5,0x2C,0x2C,0x00,0x01,0x00,0x87,0x00,0x02,0x25,0x32,0x92},
	{0xA9,0x02,0x00,0xB5,0x2C,0x2C,0x00,0x01,0x00,0x87,0x00,0x02,0x25,0x32,0xB2},
	{0xA9,0x02,0x00,0xB5,0x2C,0x2C,0x00,0x01,0x00,0x87,0x00,0x02,0x25,0x32,0xD2},
	{0xA9,0x02,0x00,0xB5,0x2C,0x2C,0x00,0x01,0x00,0x87,0x00,0x02,0x25,0x32,0xE2},
	{0xA9,0x02,0x00,0xB5,0x2C,0x2C,0x00,0x01,0x00,0x87,0x00,0x02,0x25,0x32,0xF2},
	{0xA9,0x02,0x00,0xB5,0x2C,0x2C,0x00,0x01,0x00,0x87,0x00,0x02,0x25,0x33,0x12},
	{0xA9,0x02,0x00,0xB5,0x2C,0x2C,0x00,0x01,0x00,0x87,0x00,0x02,0x25,0x33,0x42},
	{0xA9,0x02,0x00,0xB5,0x2C,0x2C,0x00,0x01,0x00,0x87,0x00,0x02,0x25,0x33,0x62},
	{0xA9,0x02,0x00,0xB5,0x2C,0x2C,0x00,0x01,0x00,0x87,0x00,0x02,0x25,0x33,0x52},
	{0xA9,0x02,0x00,0xB5,0x2C,0x2C,0x00,0x01,0x00,0x87,0x00,0x02,0x25,0x33,0x72},
	{0xA9,0x02,0x00,0xB5,0x2C,0x2C,0x00,0x01,0x00,0x87,0x00,0x02,0x25,0x33,0x92},
	{0xA9,0x02,0x00,0xB5,0x2C,0x2C,0x00,0x01,0x00,0x87,0x00,0x02,0x25,0x33,0xA2},
	{0xA9,0x02,0x00,0xB5,0x2C,0x2C,0x00,0x01,0x00,0x87,0x00,0x02,0x25,0x33,0xB2},
	{0xA9,0x02,0x00,0xB5,0x2C,0x2C,0x00,0x01,0x00,0x87,0x00,0x02,0x25,0x33,0xE2},
	{0xA9,0x02,0x00,0xB5,0x2C,0x2C,0x00,0x01,0x00,0x87,0x00,0x02,0x25,0x33,0xF2},
	{0xA9,0x02,0x00,0xB5,0x2C,0x2C,0x00,0x01,0x00,0x87,0x00,0x02,0x25,0x34,0x12},
	{0xA9,0x02,0x00,0xB5,0x2C,0x2C,0x00,0x01,0x00,0x87,0x00,0x02,0x25,0x34,0x32},
	{0xA9,0x02,0x00,0xB5,0x2C,0x2C,0x00,0x01,0x00,0x87,0x00,0x02,0x25,0x34,0x52},
	{0xA9,0x02,0x00,0xB5,0x2C,0x2C,0x00,0x01,0x00,0x87,0x00,0x02,0x25,0x34,0x72},
	{0xA9,0x02,0x00,0xB5,0x2C,0x2C,0x00,0x01,0x00,0x87,0x00,0x02,0x25,0x34,0x82},
	{0xA9,0x02,0x00,0xB5,0x2C,0x2C,0x00,0x01,0x00,0x87,0x00,0x02,0x25,0x34,0xB2},
	{0xA9,0x02,0x00,0xB5,0x2C,0x2C,0x00,0x01,0x00,0x87,0x00,0x02,0x25,0x34,0xC2},
	{0xA9,0x02,0x00,0xB5,0x2C,0x2C,0x00,0x01,0x00,0x87,0x00,0x02,0x25,0x34,0xD2},
	{0xA9,0x02,0x00,0xB5,0x2C,0x2C,0x00,0x01,0x00,0x87,0x00,0x02,0x25,0x34,0xE2},
	{0xA9,0x02,0x00,0xB5,0x2C,0x2C,0x00,0x01,0x00,0x87,0x00,0x02,0x25,0x35,0x12},
	{0xA9,0x02,0x00,0xB5,0x2C,0x2C,0x00,0x01,0x00,0x87,0x00,0x02,0x25,0x35,0x22},
	{0xA9,0x02,0x00,0xB5,0x2C,0x2C,0x00,0x01,0x00,0x87,0x00,0x02,0x25,0x35,0x42},
	{0xA9,0x02,0x00,0xB5,0x2C,0x2C,0x00,0x01,0x00,0x87,0x00,0x02,0x25,0x35,0x62},
	{0xA9,0x02,0x00,0xB5,0x2C,0x2C,0x00,0x01,0x00,0x87,0x00,0x02,0x25,0x35,0x72},
	{0xA9,0x02,0x00,0xB5,0x2C,0x2C,0x00,0x01,0x00,0x87,0x00,0x02,0x25,0x35,0xA2},
	{0xA9,0x02,0x00,0xB5,0x2C,0x2C,0x00,0x01,0x00,0x87,0x00,0x02,0x25,0x35,0xB2},
	{0xA9,0x02,0x00,0xB5,0x2C,0x2C,0x00,0x01,0x00,0x87,0x00,0x02,0x25,0x35,0xE2},
	{0xA9,0x02,0x00,0xB5,0x2C,0x2C,0x00,0x01,0x00,0x87,0x00,0x02,0x25,0x35,0xE2},
	{0xA9,0x02,0x00,0xB5,0x2C,0x2C,0x00,0x01,0x00,0x87,0x00,0x02,0x25,0x36,0x32},
	{0xA9,0x02,0x00,0xB5,0x2C,0x2C,0x00,0x01,0x00,0x87,0x00,0x02,0x25,0x36,0x52},
	{0xA9,0x02,0x00,0xB5,0x2C,0x2C,0x00,0x01,0x00,0x87,0x00,0x02,0x25,0x36,0x72},
	{0xA9,0x02,0x00,0xB5,0x2C,0x2C,0x00,0x01,0x00,0x87,0x00,0x02,0x25,0x36,0x92},
	{0xA9,0x02,0x00,0xB5,0x2C,0x2C,0x00,0x01,0x00,0x87,0x00,0x02,0x25,0x36,0xB2},
	{0xA9,0x02,0x00,0xB5,0x2C,0x2C,0x00,0x01,0x00,0x87,0x00,0x02,0x25,0x36,0xC2},
	{0xA9,0x02,0x00,0xB5,0x2C,0x2C,0x00,0x01,0x00,0x87,0x00,0x02,0x25,0x36,0xE2},
	{0xA9,0x02,0x00,0xB5,0x2C,0x2C,0x00,0x01,0x00,0x87,0x00,0x02,0x25,0x36,0xF2},
	{0xA9,0x02,0x00,0xB5,0x2C,0x2C,0x00,0x01,0x00,0x87,0x00,0x02,0x25,0x37,0x22},
	{0xA9,0x02,0x00,0xB5,0x2C,0x2C,0x00,0x01,0x00,0x87,0x00,0x02,0x25,0x37,0x42},
	{0xA9,0x02,0x00,0xB5,0x2C,0x2C,0x00,0x01,0x00,0x87,0x00,0x02,0x25,0x37,0x62},
	{0xA9,0x02,0x00,0xB5,0x2C,0x2C,0x00,0x01,0x00,0x87,0x00,0x02,0x25,0x37,0x82},
	{0xA9,0x02,0x00,0xB5,0x2C,0x2C,0x00,0x01,0x00,0x87,0x00,0x02,0x25,0x37,0x92},
	{0xA9,0x02,0x00,0xB5,0x2C,0x2C,0x00,0x01,0x00,0x87,0x00,0x02,0x25,0x37,0xC2},
	{0xA9,0x02,0x00,0xB5,0x2C,0x2C,0x00,0x01,0x00,0x87,0x00,0x02,0x25,0x37,0xC2},
	{0xA9,0x02,0x00,0xB5,0x2C,0x2C,0x00,0x01,0x00,0x87,0x00,0x02,0x25,0x37,0xF2},
	{0xA9,0x02,0x00,0xB5,0x2C,0x2C,0x00,0x01,0x00,0x87,0x00,0x02,0x25,0x38,0x02},
	{0xA9,0x02,0x00,0xB5,0x2C,0x2C,0x00,0x01,0x00,0x87,0x00,0x02,0x25,0x38,0x12},
	{0xA9,0x02,0x00,0xB5,0x2C,0x2C,0x00,0x01,0x00,0x87,0x00,0x02,0x25,0x38,0x32},
	{0xA9,0x02,0x00,0xB5,0x2C,0x2C,0x00,0x01,0x00,0x87,0x00,0x02,0x25,0x38,0x52},
	{0xA9,0x02,0x00,0xB5,0x2C,0x2C,0x00,0x01,0x00,0x87,0x00,0x02,0x25,0x38,0x62},
	{0xA9,0x02,0x00,0xB5,0x2C,0x2C,0x00,0x01,0x00,0x87,0x00,0x02,0x25,0x38,0x92},
	{0xA9,0x02,0x00,0xB5,0x2C,0x2C,0x00,0x01,0x00,0x87,0x00,0x02,0x25,0x38,0xB2},
	{0xA9,0x02,0x00,0xB5,0x2C,0x2C,0x00,0x01,0x00,0x87,0x00,0x02,0x25,0x38,0xD2},
	{0xA9,0x02,0x00,0xB5,0x2C,0x2C,0x00,0x01,0x00,0x87,0x00,0x02,0x25,0x38,0xF2},
	{0xA9,0x02,0x00,0xB5,0x2C,0x2C,0x00,0x01,0x00,0x87,0x00,0x02,0x25,0x39,0x02},
	{0xA9,0x02,0x00,0xB5,0x2C,0x2C,0x00,0x01,0x00,0x87,0x00,0x02,0x25,0x39,0x22},
	{0xA9,0x02,0x00,0xB5,0x2C,0x2C,0x00,0x01,0x00,0x87,0x00,0x02,0x25,0x39,0x42},
	{0xA9,0x02,0x00,0xB5,0x2C,0x2C,0x00,0x01,0x00,0x87,0x00,0x02,0x25,0x39,0x52},
	{0xA9,0x02,0x00,0xB5,0x2C,0x2C,0x00,0x01,0x00,0x87,0x00,0x02,0x25,0x39,0x82},
	{0xA9,0x02,0x00,0xB5,0x2C,0x2C,0x00,0x01,0x00,0x87,0x00,0x02,0x25,0x39,0xB2},
	{0xA9,0x02,0x00,0xB5,0x2C,0x2C,0x00,0x01,0x00,0x87,0x00,0x02,0x25,0x39,0xB2},
	{0xA9,0x02,0x00,0xB5,0x2C,0x2C,0x00,0x01,0x00,0x87,0x00,0x02,0x25,0x39,0xD2},
	{0xA9,0x02,0x00,0xB5,0x2C,0x2C,0x00,0x01,0x00,0x87,0x00,0x02,0x25,0x39,0xE2},
	{0xA9,0x02,0x00,0xB5,0x2C,0x2C,0x00,0x01,0x00,0x87,0x00,0x02,0x25,0x3A,0x12},
	{0xA9,0x02,0x00,0xB5,0x2C,0x2C,0x00,0x01,0x00,0x87,0x00,0x02,0x25,0x3A,0x32},
	{0xA9,0x02,0x00,0xB5,0x2C,0x2C,0x00,0x01,0x00,0x87,0x00,0x02,0x25,0x3A,0x52},
	{0xA9,0x02,0x00,0xB5,0x2C,0x2C,0x00,0x01,0x00,0x87,0x00,0x02,0x25,0x3A,0x72},
	{0xA9,0x02,0x00,0xB5,0x2C,0x2C,0x00,0x01,0x00,0x87,0x00,0x02,0x25,0x3A,0x82},
	{0xA9,0x02,0x00,0xB5,0x2C,0x2C,0x00,0x01,0x00,0x87,0x00,0x02,0x25,0x3A,0xA2},
	{0xA9,0x02,0x00,0xB5,0x2C,0x2C,0x00,0x01,0x00,0x87,0x00,0x02,0x25,0x3A,0x92},
	{0xA9,0x02,0x00,0xB5,0x2C,0x2C,0x00,0x01,0x00,0x87,0x00,0x02,0x25,0x3A,0xC2},
	{0xA9,0x02,0x00,0xB5,0x2C,0x2C,0x00,0x01,0x00,0x87,0x00,0x02,0x25,0x3A,0xD2},
	{0xA9,0x02,0x00,0xB5,0x2C,0x2C,0x00,0x01,0x00,0x87,0x00,0x02,0x25,0x3B,0x02},
	{0xA9,0x02,0x00,0xB5,0x2C,0x2C,0x00,0x01,0x00,0x87,0x00,0x02,0x25,0x3B,0x22},
	{0xA9,0x02,0x00,0xB5,0x2C,0x2C,0x00,0x01,0x00,0x87,0x00,0x02,0x25,0x3B,0x42},
	{0xA9,0x02,0x00,0xB5,0x2C,0x2C,0x00,0x01,0x00,0x87,0x00,0x02,0x25,0x3B,0x62},
	{0xA9,0x02,0x00,0xB5,0x2C,0x2C,0x00,0x01,0x00,0x87,0x00,0x02,0x25,0x3B,0x82},
	{0xA9,0x02,0x00,0xB5,0x2C,0x2C,0x00,0x01,0x00,0x87,0x00,0x02,0x25,0x3B,0x82},
	{0xA9,0x02,0x00,0xB5,0x2C,0x2C,0x00,0x01,0x00,0x87,0x00,0x02,0x25,0x3B,0xA2},
	{0xA9,0x02,0x00,0xB5,0x2C,0x2C,0x00,0x01,0x00,0x87,0x00,0x02,0x25,0x3B,0xC2},
	{0xA9,0x02,0x00,0xB5,0x2C,0x2C,0x00,0x01,0x00,0x87,0x00,0x02,0x25,0x3B,0xF2},
	{0xA9,0x02,0x00,0xB5,0x2C,0x2C,0x00,0x01,0x00,0x87,0x00,0x02,0x25,0x3C,0x02},
	{0xA9,0x02,0x00,0xB5,0x2C,0x2C,0x00,0x01,0x00,0x87,0x00,0x02,0x25,0x3C,0x32},
	{0xA9,0x02,0x00,0xB5,0x2C,0x2C,0x00,0x01,0x00,0x87,0x00,0x02,0x25,0x3C,0x52},
	{0xA9,0x02,0x00,0xB5,0x2C,0x2C,0x00,0x01,0x00,0x87,0x00,0x02,0x25,0x3C,0x62},
	{0xA9,0x02,0x00,0xB5,0x2C,0x2C,0x00,0x01,0x00,0x87,0x00,0x02,0x25,0x3C,0x72},
	{0xA9,0x02,0x00,0xB5,0x2C,0x2C,0x00,0x01,0x00,0x87,0x00,0x02,0x25,0x3C,0x92},
	{0xA9,0x02,0x00,0xB5,0x2C,0x2C,0x00,0x01,0x00,0x87,0x00,0x02,0x25,0x3C,0xD2},
	{0xA9,0x02,0x00,0xB5,0x2C,0x2C,0x00,0x01,0x00,0x87,0x00,0x02,0x25,0x3C,0xD2},
	{0xA9,0x02,0x00,0xB5,0x2C,0x2C,0x00,0x01,0x00,0x87,0x00,0x02,0x25,0x3D,0x02},
	{0xA9,0x02,0x00,0xB5,0x2C,0x2C,0x00,0x01,0x00,0x87,0x00,0x02,0x25,0x3D,0x22},
	{0xA9,0x02,0x00,0xB5,0x2C,0x2C,0x00,0x01,0x00,0x87,0x00,0x02,0x25,0x3D,0x42},
	{0xA9,0x02,0x00,0xB5,0x2C,0x2C,0x00,0x01,0x00,0x87,0x00,0x02,0x25,0x3D,0x72},
	{0xA9,0x02,0x00,0xB5,0x2C,0x2C,0x00,0x01,0x00,0x87,0x00,0x02,0x25,0x3D,0x82},
	{0xA9,0x02,0x00,0xB5,0x2C,0x2C,0x00,0x01,0x00,0x87,0x00,0x02,0x25,0x3D,0xB2},
	{0xA9,0x02,0x00,0xB5,0x2C,0x2C,0x00,0x01,0x00,0x87,0x00,0x02,0x25,0x3D,0xC2},
	{0xA9,0x02,0x00,0xB5,0x2C,0x2C,0x00,0x01,0x00,0x87,0x00,0x02,0x25,0x3D,0xE2},
	{0xA9,0x02,0x00,0xB5,0x2C,0x2C,0x00,0x01,0x00,0x87,0x00,0x02,0x25,0x3E,0x02},
	{0xA9,0x02,0x00,0xB5,0x2C,0x2C,0x00,0x01,0x00,0x87,0x00,0x02,0x25,0x3E,0x12},
	{0xA9,0x02,0x00,0xB5,0x2C,0x2C,0x00,0x01,0x00,0x87,0x00,0x02,0x25,0x3E,0x32},
	{0xA9,0x02,0x00,0xB5,0x2C,0x2C,0x00,0x01,0x00,0x87,0x00,0x02,0x25,0x3E,0x62},
	{0xA9,0x02,0x00,0xB5,0x2C,0x2C,0x00,0x01,0x00,0x87,0x00,0x02,0x25,0x3E,0xB2},
	{0xA9,0x02,0x00,0xB5,0x2C,0x2C,0x00,0x01,0x00,0x87,0x00,0x02,0x25,0x3E,0xC2},
	{0xA9,0x02,0x00,0xB5,0x2C,0x2C,0x00,0x01,0x00,0x87,0x00,0x02,0x25,0x3E,0xF2},
	{0xA9,0x02,0x00,0xB5,0x2C,0x2C,0x00,0x01,0x00,0x87,0x00,0x02,0x25,0x3E,0xF2},
	{0xA9,0x02,0x00,0xB5,0x2C,0x2C,0x00,0x01,0x00,0x87,0x00,0x02,0x25,0x3F,0x32},
	{0xA9,0x02,0x00,0xB5,0x2C,0x2C,0x00,0x01,0x00,0x87,0x00,0x02,0x25,0x3F,0x42},
	{0xA9,0x02,0x00,0xB5,0x2C,0x2C,0x00,0x01,0x00,0x87,0x00,0x02,0x25,0x3F,0x42},
	{0xA9,0x02,0x00,0xB5,0x2C,0x2C,0x00,0x01,0x00,0x87,0x00,0x02,0x25,0x3F,0x72},
	{0xA9,0x02,0x00,0xB5,0x2C,0x2C,0x00,0x01,0x00,0x87,0x00,0x02,0x25,0x3F,0x82},
	{0xA9,0x02,0x00,0xB5,0x2C,0x2C,0x00,0x01,0x00,0x87,0x00,0x02,0x25,0x3F,0xC2},
	{0xA9,0x02,0x00,0xB5,0x2C,0x2C,0x00,0x01,0x00,0x87,0x00,0x02,0x25,0x3F,0xD2},
	{0xA9,0x02,0x00,0xB5,0x2C,0x2C,0x00,0x01,0x00,0x87,0x00,0x02,0x25,0x3F,0xF2},
	{0xA9,0x02,0x00,0xB5,0x2C,0x2C,0x00,0x01,0x00,0x87,0x00,0x02,0x25,0x20,0x11},
	{0xA9,0x02,0x00,0xB5,0x2C,0x2C,0x00,0x01,0x00,0x87,0x00,0x02,0x25,0x20,0x11},
	{0xA9,0x02,0x00,0xB5,0x2C,0x2C,0x00,0x01,0x00,0x87,0x00,0x02,0x25,0x20,0x31},
	{0xA9,0x02,0x00,0xB5,0x2C,0x2C,0x00,0x01,0x00,0x87,0x00,0x02,0x25,0x20,0x41},
	{0xA9,0x02,0x00,0xB5,0x2C,0x2C,0x00,0x01,0x00,0x87,0x00,0x02,0x25,0x20,0x51},
	{0xA9,0x02,0x00,0xB5,0x2C,0x2C,0x00,0x01,0x00,0x87,0x00,0x02,0x25,0x20,0x51},
	{0xA9,0x02,0x00,0xB5,0x2C,0x2C,0x00,0x01,0x00,0x87,0x00,0x02,0x25,0x20,0x61},
	{0xA9,0x02,0x00,0xB5,0x2C,0x2C,0x00,0x01,0x00,0x87,0x00,0x02,0x25,0x20,0x71},
	{0xA9,0x02,0x00,0xB5,0x2C,0x2C,0x00,0x01,0x00,0x87,0x00,0x02,0x25,0x20,0x81},
	{0xA9,0x02,0x00,0xB5,0x2C,0x2C,0x00,0x01,0x00,0x87,0x00,0x02,0x25,0x20,0x91},
	{0xA9,0x02,0x00,0xB5,0x2C,0x2C,0x00,0x01,0x00,0x87,0x00,0x02,0x25,0x20,0xA1},
	{0xA9,0x02,0x00,0xB5,0x2C,0x2C,0x00,0x01,0x00,0x87,0x00,0x02,0x25,0x20,0xB1},
	{0xA9,0x02,0x00,0xB5,0x2C,0x2C,0x00,0x01,0x00,0x87,0x00,0x02,0x25,0x20,0xD1},
	{0xA9,0x02,0x00,0xB5,0x2C,0x2C,0x00,0x01,0x00,0x87,0x00,0x02,0x25,0x20,0xE1},
	{0xA9,0x02,0x00,0xB5,0x2C,0x2C,0x00,0x01,0x00,0x87,0x00,0x02,0x25,0x20,0xF1},
	{0xA9,0x02,0x00,0xB5,0x2C,0x2C,0x00,0x01,0x00,0x87,0x00,0x02,0x25,0x20,0xF1},
	{0xA9,0x02,0x00,0xB5,0x2C,0x2C,0x00,0x01,0x00,0x87,0x00,0x02,0x25,0x21,0x01},
	{0xA9,0x02,0x00,0xB5,0x2C,0x2C,0x00,0x01,0x00,0x87,0x00,0x02,0x25,0x21,0x11},
	{0xA9,0x02,0x00,0xB5,0x2C,0x2C,0x00,0x01,0x00,0x87,0x00,0x02,0x25,0x21,0x31},
	{0xA9,0x02,0x00,0xB5,0x2C,0x2C,0x00,0x01,0x00,0x87,0x00,0x02,0x25,0x21,0x41},
	{0xA9,0x02,0x00,0xB5,0x2C,0x2C,0x00,0x01,0x00,0x87,0x00,0x02,0x25,0x21,0x51},
	{0xA9,0x02,0x00,0xB5,0x2C,0x2C,0x00,0x01,0x00,0x87,0x00,0x02,0x25,0x21,0x61},
	{0xA9,0x02,0x00,0xB5,0x2C,0x2C,0x00,0x01,0x00,0x87,0x00,0x02,0x25,0x21,0x71},
	{0xA9,0x02,0x00,0xB5,0x2C,0x2C,0x00,0x01,0x00,0x87,0x00,0x02,0x25,0x21,0x81},
	{0xA9,0x02,0x00,0xB5,0x2C,0x2C,0x00,0x01,0x00,0x87,0x00,0x02,0x25,0x21,0x81},
	{0xA9,0x02,0x00,0xB5,0x2C,0x2C,0x00,0x01,0x00,0x87,0x00,0x02,0x25,0x21,0x91},
	{0xA9,0x02,0x00,0xB5,0x2C,0x2C,0x00,0x01,0x00,0x87,0x00,0x02,0x25,0x21,0xA1},
	{0xA9,0x02,0x00,0xB5,0x2C,0x2C,0x00,0x01,0x00,0x87,0x00,0x02,0x25,0x21,0xB1},
	{0xA9,0x02,0x00,0xB5,0x2C,0x2C,0x00,0x01,0x00,0x87,0x00,0x02,0x25,0x21,0xC1},
	{0xA9,0x02,0x00,0xB5,0x2C,0x2C,0x00,0x01,0x00,0x87,0x00,0x02,0x25,0x21,0xE1},
	{0xA9,0x02,0x00,0xB5,0x2C,0x2C,0x00,0x01,0x00,0x87,0x00,0x02,0x25,0x21,0xF1},
	{0xA9,0x02,0x00,0xB5,0x2C,0x2C,0x00,0x01,0x00,0x87,0x00,0x02,0x25,0x21,0xE1},
	{0xA9,0x02,0x00,0xB5,0x2C,0x2C,0x00,0x01,0x00,0x87,0x00,0x02,0x25,0x22,0x01},
	{0xA9,0x02,0x00,0xB5,0x2C,0x2C,0x00,0x01,0x00,0x87,0x00,0x02,0x25,0x22,0x21},
	{0xA9,0x02,0x00,0xB5,0x2C,0x2C,0x00,0x01,0x00,0x87,0x00,0x02,0x25,0x22,0x31},
	{0xA9,0x02,0x00,0xB5,0x2C,0x2C,0x00,0x01,0x00,0x87,0x00,0x02,0x25,0x22,0x41},
	{0xA9,0x02,0x00,0xB5,0x2C,0x2C,0x00,0x01,0x00,0x87,0x00,0x02,0x25,0x22,0x51},
	{0xA9,0x02,0x00,0xB5,0x2C,0x2C,0x00,0x01,0x00,0x87,0x00,0x02,0x25,0x22,0x61},
	{0xA9,0x02,0x00,0xB5,0x2C,0x2C,0x00,0x01,0x00,0x87,0x00,0x02,0x25,0x22,0x71},
	{0xA9,0x02,0x00,0xB5,0x2C,0x2C,0x00,0x01,0x00,0x87,0x00,0x02,0x25,0x22,0x81},
	{0xA9,0x02,0x00,0xB5,0x2C,0x2C,0x00,0x01,0x00,0x87,0x00,0x02,0x25,0x22,0x91},
	{0xA9,0x02,0x00,0xB5,0x2C,0x2C,0x00,0x01,0x00,0x87,0x00,0x02,0x25,0x22,0x91},
	{0xA9,0x02,0x00,0xB5,0x2C,0x2C,0x00,0x01,0x00,0x87,0x00,0x02,0x25,0x22,0xA1},
	{0xA9,0x02,0x00,0xB5,0x2C,0x2C,0x00,0x01,0x00,0x87,0x00,0x02,0x25,0x22,0xC1},
	{0xA9,0x02,0x00,0xB5,0x2C,0x2C,0x00,0x01,0x00,0x87,0x00,0x02,0x25,0x22,0xD1},
	{0xA9,0x02,0x00,0xB5,0x2C,0x2C,0x00,0x01,0x00,0x87,0x00,0x02,0x25,0x22,0xE1},
	{0xA9,0x02,0x00,0xB5,0x2C,0x2C,0x00,0x01,0x00,0x87,0x00,0x02,0x25,0x23,0x01},
	{0xA9,0x02,0x00,0xB5,0x2C,0x2C,0x00,0x01,0x00,0x87,0x00,0x02,0x25,0x23,0x01},
	{0xA9,0x02,0x00,0xB5,0x2C,0x2C,0x00,0x01,0x00,0x87,0x00,0x02,0x25,0x23,0x21},
	{0xA9,0x02,0x00,0xB5,0x2C,0x2C,0x00,0x01,0x00,0x87,0x00,0x02,0x25,0x23,0x31},
	{0xA9,0x02,0x00,0xB5,0x2C,0x2C,0x00,0x01,0x00,0x87,0x00,0x02,0x25,0x23,0x31},
	{0xA9,0x02,0x00,0xB5,0x2C,0x2C,0x00,0x01,0x00,0x87,0x00,0x02,0x25,0x23,0x41},
	{0xA9,0x02,0x00,0xB5,0x2C,0x2C,0x00,0x01,0x00,0x87,0x00,0x02,0x25,0x23,0x51},
	{0xA9,0x02,0x00,0xB5,0x2C,0x2C,0x00,0x01,0x00,0x87,0x00,0x02,0x25,0x23,0x61},
	{0xA9,0x02,0x00,0xB5,0x2C,0x2C,0x00,0x01,0x00,0x87,0x00,0x02,0x25,0x23,0x81},
	{0xA9,0x02,0x00,0xB5,0x2C,0x2C,0x00,0x01,0x00,0x87,0x00,0x02,0x25,0x23,0x91},
	{0xA9,0x02,0x00,0xB5,0x2C,0x2C,0x00,0x01,0x00,0x87,0x00,0x02,0x25,0x23,0xA1},
	{0xA9,0x02,0x00,0xB5,0x2C,0x2C,0x00,0x01,0x00,0x87,0x00,0x02,0x25,0x23,0xB1},
	{0xA9,0x02,0x00,0xB5,0x2C,0x2C,0x00,0x01,0x00,0x87,0x00,0x02,0x25,0x23,0xC1},
	{0xA9,0x02,0x00,0xB5,0x2C,0x2C,0x00,0x01,0x00,0x87,0x00,0x02,0x25,0x23,0xC1},
	{0xA9,0x02,0x00,0xB5,0x2C,0x2C,0x00,0x01,0x00,0x87,0x00,0x02,0x25,0x24,0x11},
	{0xA9,0x02,0x00,0xB5,0x2C,0x2C,0x00,0x01,0x00,0x87,0x00,0x02,0x25,0x24,0x01},
	{0xA9,0x02,0x00,0xB5,0x2C,0x2C,0x00,0x01,0x00,0x87,0x00,0x02,0x25,0x24,0x11},
	{0xA9,0x02,0x00,0xB5,0x2C,0x2C,0x00,0x01,0x00,0x87,0x00,0x02,0x25,0x24,0x21},
	{0xA9,0x02,0x00,0xB5,0x2C,0x2C,0x00,0x01,0x00,0x87,0x00,0x02,0x25,0x24,0x41},
	{0xA9,0x02,0x00,0xB5,0x2C,0x2C,0x00,0x01,0x00,0x87,0x00,0x02,0x25,0x24,0x51},
	{0xA9,0x02,0x00,0xB5,0x2C,0x2C,0x00,0x01,0x00,0x87,0x00,0x02,0x25,0x24,0x61},
	{0xA9,0x02,0x00,0xB5,0x2C,0x2C,0x00,0x01,0x00,0x87,0x00,0x02,0x25,0x24,0x61},
	{0xA9,0x02,0x00,0xB5,0x2C,0x2C,0x00,0x01,0x00,0x87,0x00,0x02,0x25,0x24,0x81},
	{0xA9,0x02,0x00,0xB5,0x2C,0x2C,0x00,0x01,0x00,0x87,0x00,0x02,0x25,0x24,0xA1},
	{0xA9,0x02,0x00,0xB5,0x2C,0x2C,0x00,0x01,0x00,0x87,0x00,0x02,0x25,0x24,0xB1},
	{0xA9,0x02,0x00,0xB5,0x2C,0x2C,0x00,0x01,0x00,0x87,0x00,0x02,0x25,0x24,0xD1},
	{0xA9,0x02,0x00,0xB5,0x2C,0x2C,0x00,0x01,0x00,0x87,0x00,0x02,0x25,0x24,0xE1},
	{0xA9,0x02,0x00,0xB5,0x2C,0x2C,0x00,0x01,0x00,0x87,0x00,0x02,0x25,0x24,0xF1},
	{0xA9,0x02,0x00,0xB5,0x2C,0x2C,0x00,0x01,0x00,0x87,0x00,0x02,0x25,0x24,0xF1},
	{0xA9,0x02,0x00,0xB5,0x2C,0x2C,0x00,0x01,0x00,0x87,0x00,0x02,0x25,0x25,0x01},
	{0xA9,0x02,0x00,0xB5,0x2C,0x2C,0x00,0x01,0x00,0x87,0x00,0x02,0x25,0x25,0x11},
	{0xA9,0x02,0x00,0xB5,0x2C,0x2C,0x00,0x01,0x00,0x87,0x00,0x02,0x25,0x25,0x21},
	{0xA9,0x02,0x00,0xB5,0x2C,0x2C,0x00,0x01,0x00,0x87,0x00,0x02,0x25,0x25,0x41},
	{0xA9,0x02,0x00,0xB5,0x2C,0x2C,0x00,0x01,0x00,0x87,0x00,0x02,0x25,0x25,0x51},
	{0xA9,0x02,0x00,0xB5,0x2C,0x2C,0x00,0x01,0x00,0x87,0x00,0x02,0x25,0x25,0x61},
	{0xA9,0x02,0x00,0xB5,0x2C,0x2C,0x00,0x01,0x00,0x87,0x00,0x02,0x25,0x25,0x71},
	{0xA9,0x02,0x00,0xB5,0x2C,0x2C,0x00,0x01,0x00,0x87,0x00,0x02,0x25,0x25,0x91},
	{0xA9,0x02,0x00,0xB5,0x2C,0x2C,0x00,0x01,0x00,0x87,0x00,0x02,0x25,0x25,0x91},
	{0xA9,0x02,0x00,0xB5,0x2C,0x2C,0x00,0x01,0x00,0x87,0x00,0x02,0x25,0x25,0xA1},
	{0xA9,0x02,0x00,0xB5,0x2C,0x2C,0x00,0x01,0x00,0x87,0x00,0x02,0x25,0x25,0xA1},
	{0xA9,0x02,0x00,0xB5,0x2C,0x2C,0x00,0x01,0x00,0x87,0x00,0x02,0x25,0x25,0xB1},
	{0xA9,0x02,0x00,0xB5,0x2C,0x2C,0x00,0x01,0x00,0x87,0x00,0x02,0x25,0x25,0xC1},
	{0xA9,0x02,0x00,0xB5,0x2C,0x2C,0x00,0x01,0x00,0x87,0x00,0x02,0x25,0x25,0xE1},
	{0xA9,0x02,0x00,0xB5,0x2C,0x2C,0x00,0x01,0x00,0x87,0x00,0x02,0x25,0x25,0xE1},
	{0xA9,0x02,0x00,0xB5,0x2C,0x2C,0x00,0x01,0x00,0x87,0x00,0x02,0x25,0x26,0x01},
	{0xA9,0x02,0x00,0xB5,0x2C,0x2C,0x00,0x01,0x00,0x87,0x00,0x02,0x25,0x26,0x11},
	{0xA9,0x02,0x00,0xB5,0x2C,0x2C,0x00,0x01,0x00,0x87,0x00,0x02,0x25,0x26,0x11},
	{0xA9,0x02,0x00,0xB5,0x2C,0x2C,0x00,0x01,0x00,0x87,0x00,0x02,0x25,0x26,0x31},
	{0xA9,0x02,0x00,0xB5,0x2C,0x2C,0x00,0x01,0x00,0x87,0x00,0x02,0x25,0x26,0x41},
	{0xA9,0x02,0x00,0xB5,0x2C,0x2C,0x00,0x01,0x00,0x87,0x00,0x02,0x25,0x26,0x51},
	{0xA9,0x02,0x00,0xB5,0x2C,0x2C,0x00,0x01,0x00,0x87,0x00,0x02,0x25,0x26,0x61},
	{0xA9,0x02,0x00,0xB5,0x2C,0x2C,0x00,0x01,0x00,0x87,0x00,0x02,0x25,0x26,0x71},
	{0xA9,0x02,0x00,0xB5,0x2C,0x2C,0x00,0x01,0x00,0x87,0x00,0x02,0x25,0x26,0x81},
	{0xA9,0x02,0x00,0xB5,0x2C,0x2C,0x00,0x01,0x00,0x87,0x00,0x02,0x25,0x26,0xA1},
	{0xA9,0x02,0x00,0xB5,0x2C,0x2C,0x00,0x01,0x00,0x87,0x00,0x02,0x25,0x26,0xA1},
	{0xA9,0x02,0x00,0xB5,0x2C,0x2C,0x00,0x01,0x00,0x87,0x00,0x02,0x25,0x26,0xB1},
	{0xA9,0x02,0x00,0xB5,0x2C,0x2C,0x00,0x01,0x00,0x87,0x00,0x02,0x25,0x26,0xC1},
	{0xA9,0x02,0x00,0xB5,0x2C,0x2C,0x00,0x01,0x00,0x87,0x00,0x02,0x25,0x26,0xD1},
	{0xA9,0x02,0x00,0xB5,0x2C,0x2C,0x00,0x01,0x00,0x87,0x00,0x02,0x25,0x26,0xE1},
	{0xA9,0x02,0x00,0xB5,0x2C,0x2C,0x00,0x01,0x00,0x87,0x00,0x02,0x25,0x27,0x11},
	{0xA9,0x02,0x00,0xB5,0x2C,0x2C,0x00,0x01,0x00,0x87,0x00,0x02,0x25,0x27,0x11},
	{0xA9,0x02,0x00,0xB5,0x2C,0x2C,0x00,0x01,0x00,0x87,0x00,0x02,0x25,0x27,0x31},
	{0xA9,0x02,0x00,0xB5,0x2C,0x2C,0x00,0x01,0x00,0x87,0x00,0x02,0x25,0x27,0x41},
	{0xA9,0x02,0x00,0xB5,0x2C,0x2C,0x00,0x01,0x00,0x87,0x00,0x02,0x25,0x27,0x41},
	{0xA9,0x02,0x00,0xB5,0x2C,0x2C,0x00,0x01,0x00,0x87,0x00,0x02,0x25,0x27,0x51},
	{0xA9,0x02,0x00,0xB5,0x2C,0x2C,0x00,0x01,0x00,0x87,0x00,0x02,0x25,0x27,0x71},
	{0xA9,0x02,0x00,0xB5,0x2C,0x2C,0x00,0x01,0x00,0x87,0x00,0x02,0x25,0x27,0x81},
	{0xA9,0x02,0x00,0xB5,0x2C,0x2C,0x00,0x01,0x00,0x87,0x00,0x02,0x25,0x27,0x91},
	{0xA9,0x02,0x00,0xB5,0x2C,0x2C,0x00,0x01,0x00,0x87,0x00,0x02,0x25,0x27,0xB1},
	{0xA9,0x02,0x00,0xB5,0x2C,0x2C,0x00,0x01,0x00,0x87,0x00,0x02,0x25,0x27,0xB1},
	{0xA9,0x02,0x00,0xB5,0x2C,0x2C,0x00,0x01,0x00,0x87,0x00,0x02,0x25,0x27,0xD1},
	{0xA9,0x02,0x00,0xB5,0x2C,0x2C,0x00,0x01,0x00,0x87,0x00,0x02,0x25,0x27,0xF1},
	{0xA9,0x02,0x00,0xB5,0x2C,0x2C,0x00,0x01,0x00,0x87,0x00,0x02,0x25,0x28,0x01},
	{0xA9,0x02,0x00,0xB5,0x2C,0x2C,0x00,0x01,0x00,0x87,0x00,0x02,0x25,0x28,0x01},
	{0xA9,0x02,0x00,0xB5,0x2C,0x2C,0x00,0x01,0x00,0x87,0x00,0x02,0x25,0x28,0x11},
	{0xA9,0x02,0x00,0xB5,0x2C,0x2C,0x00,0x01,0x00,0x87,0x00,0x02,0x25,0x28,0x31},
	{0xA9,0x02,0x00,0xB5,0x2C,0x2C,0x00,0x01,0x00,0x87,0x00,0x02,0x25,0x28,0x41},
	{0xA9,0x02,0x00,0xB5,0x2C,0x2C,0x00,0x01,0x00,0x87,0x00,0x02,0x25,0x28,0x61},
	{0xA9,0x02,0x00,0xB5,0x2C,0x2C,0x00,0x01,0x00,0x87,0x00,0x02,0x25,0x28,0x61},
	{0xA9,0x02,0x00,0xB5,0x2C,0x2C,0x00,0x01,0x00,0x87,0x00,0x02,0x25,0x28,0x61},
	{0xA9,0x02,0x00,0xB5,0x2C,0x2C,0x00,0x01,0x00,0x87,0x00,0x02,0x25,0x28,0x81},
	{0xA9,0x02,0x00,0xB5,0x2C,0x2C,0x00,0x01,0x00,0x87,0x00,0x02,0x25,0x28,0x91},
	{0xA9,0x02,0x00,0xB5,0x2C,0x2C,0x00,0x01,0x00,0x87,0x00,0x02,0x25,0x28,0xB1},
	{0xA9,0x02,0x00,0xB5,0x2C,0x2C,0x00,0x01,0x00,0x87,0x00,0x02,0x25,0x28,0xD1},
	{0xA9,0x02,0x00,0xB5,0x2C,0x2C,0x00,0x01,0x00,0x87,0x00,0x02,0x25,0x28,0xF1},
	{0xA9,0x02,0x00,0xB5,0x2C,0x2C,0x00,0x01,0x00,0x87,0x00,0x02,0x25,0x29,0x01},
	{0xA9,0x02,0x00,0xB5,0x2C,0x2C,0x00,0x01,0x00,0x87,0x00,0x02,0x25,0x29,0x21},
	{0xA9,0x02,0x00,0xB5,0x2C,0x2C,0x00,0x01,0x00,0x87,0x00,0x02,0x25,0x29,0x31},
	{0xA9,0x02,0x00,0xB5,0x2C,0x2C,0x00,0x01,0x00,0x87,0x00,0x02,0x25,0x29,0x51},
	{0xA9,0x02,0x00,0xB5,0x2C,0x2C,0x00,0x01,0x00,0x87,0x00,0x02,0x25,0x29,0x61},
	{0xA9,0x02,0x00,0xB5,0x2C,0x2C,0x00,0x01,0x00,0x87,0x00,0x02,0x25,0x29,0x61},
	{0xA9,0x02,0x00,0xB5,0x2C,0x2C,0x00,0x01,0x00,0x87,0x00,0x02,0x25,0x29,0x71},
	{0xA9,0x02,0x00,0xB5,0x2C,0x2C,0x00,0x01,0x00,0x87,0x00,0x02,0x25,0x29,0x91},
	{0xA9,0x02,0x00,0xB5,0x2C,0x2C,0x00,0x01,0x00,0x87,0x00,0x02,0x25,0x29,0xB1},
	{0xA9,0x02,0x00,0xB5,0x2C,0x2C,0x00,0x01,0x00,0x87,0x00,0x02,0x25,0x29,0xC1},
	{0xA9,0x02,0x00,0xB5,0x2C,0x2C,0x00,0x01,0x00,0x87,0x00,0x02,0x25,0x29,0xD1},
	{0xA9,0x02,0x00,0xB5,0x2C,0x2C,0x00,0x01,0x00,0x87,0x00,0x02,0x25,0x29,0xC1},
	{0xA9,0x02,0x00,0xB5,0x2C,0x2C,0x00,0x01,0x00,0x87,0x00,0x02,0x25,0x29,0xE1},
	{0xA9,0x02,0x00,0xB5,0x2C,0x2C,0x00,0x01,0x00,0x87,0x00,0x02,0x25,0x2A,0x01},
	{0xA9,0x02,0x00,0xB5,0x2C,0x2C,0x00,0x01,0x00,0x87,0x00,0x02,0x25,0x2A,0x11},
	{0xA9,0x02,0x00,0xB5,0x2C,0x2C,0x00,0x01,0x00,0x87,0x00,0x02,0x25,0x2A,0x11},
	{0xA9,0x02,0x00,0xB5,0x2C,0x2C,0x00,0x01,0x00,0x87,0x00,0x02,0x25,0x2A,0x31},
	{0xA9,0x02,0x00,0xB5,0x2C,0x2C,0x00,0x01,0x00,0x87,0x00,0x02,0x25,0x2A,0x41},
	{0xA9,0x02,0x00,0xB5,0x2C,0x2C,0x00,0x01,0x00,0x87,0x00,0x02,0x25,0x2A,0x41},
	{0xA9,0x02,0x00,0xB5,0x2C,0x2C,0x00,0x01,0x00,0x87,0x00,0x02,0x25,0x2A,0x61},
	{0xA9,0x02,0x00,0xB5,0x2C,0x2C,0x00,0x01,0x00,0x87,0x00,0x02,0x25,0x2A,0x81},
	{0xA9,0x02,0x00,0xB5,0x2C,0x2C,0x00,0x01,0x00,0x87,0x00,0x02,0x25,0x2A,0x91},
	{0xA9,0x02,0x00,0xB5,0x2C,0x2C,0x00,0x01,0x00,0x87,0x00,0x02,0x25,0x2A,0xA1},
	{0xA9,0x02,0x00,0xB5,0x2C,0x2C,0x00,0x01,0x00,0x87,0x00,0x02,0x25,0x2A,0xC1},
	{0xA9,0x02,0x00,0xB5,0x2C,0x2C,0x00,0x01,0x00,0x87,0x00,0x02,0x25,0x2A,0xD1},
	{0xA9,0x02,0x00,0xB5,0x2C,0x2C,0x00,0x01,0x00,0x87,0x00,0x02,0x25,0x2A,0xE1},
	{0xA9,0x02,0x00,0xB5,0x2C,0x2C,0x00,0x01,0x00,0x87,0x00,0x02,0x25,0x2A,0xF1},
	{0xA9,0x02,0x00,0xB5,0x2C,0x2C,0x00,0x01,0x00,0x87,0x00,0x02,0x25,0x2B,0x01},
	{0xA9,0x02,0x00,0xB5,0x2C,0x2C,0x00,0x01,0x00,0x87,0x00,0x02,0x25,0x2B,0x11},
	{0xA9,0x02,0x00,0xB5,0x2C,0x2C,0x00,0x01,0x00,0x87,0x00,0x02,0x25,0x2B,0x31},
	{0xA9,0x02,0x00,0xB5,0x2C,0x2C,0x00,0x01,0x00,0x87,0x00,0x02,0x25,0x2B,0x51},
	{0xA9,0x02,0x00,0xB5,0x2C,0x2C,0x00,0x01,0x00,0x87,0x00,0x02,0x25,0x2B,0x61},
	{0xA9,0x02,0x00,0xB5,0x2C,0x2C,0x00,0x01,0x00,0x87,0x00,0x02,0x25,0x2B,0x71},
	{0xA9,0x02,0x00,0xB5,0x2C,0x2C,0x00,0x01,0x00,0x87,0x00,0x02,0x25,0x2B,0x91},
	{0xA9,0x02,0x00,0xB5,0x2C,0x2C,0x00,0x01,0x00,0x87,0x00,0x02,0x25,0x2B,0xA1},
	{0xA9,0x02,0x00,0xB5,0x2C,0x2C,0x00,0x01,0x00,0x87,0x00,0x02,0x25,0x2B,0x91},
	{0xA9,0x02,0x00,0xB5,0x2C,0x2C,0x00,0x01,0x00,0x87,0x00,0x02,0x25,0x2B,0xB1},
	{0xA9,0x02,0x00,0xB5,0x2C,0x2C,0x00,0x01,0x00,0x87,0x00,0x02,0x25,0x2B,0xC1},
	{0xA9,0x02,0x00,0xB5,0x2C,0x2C,0x00,0x01,0x00,0x87,0x00,0x02,0x25,0x2B,0xD1},
	{0xA9,0x02,0x00,0xB5,0x2C,0x2C,0x00,0x01,0x00,0x87,0x00,0x02,0x25,0x2B,0xF1},
	{0xA9,0x02,0x00,0xB5,0x2C,0x2C,0x00,0x01,0x00,0x87,0x00,0x02,0x25,0x2C,0x01},
	{0xA9,0x02,0x00,0xB5,0x2C,0x2C,0x00,0x01,0x00,0x87,0x00,0x02,0x25,0x2C,0x11},
	{0xA9,0x02,0x00,0xB5,0x2C,0x2C,0x00,0x01,0x00,0x87,0x00,0x02,0x25,0x2C,0x31},
	{0xA9,0x02,0x00,0xB5,0x2C,0x2C,0x00,0x01,0x00,0x87,0x00,0x02,0x25,0x2C,0x41},
	{0xA9,0x02,0x00,0xB5,0x2C,0x2C,0x00,0x01,0x00,0x87,0x00,0x02,0x25,0x2C,0x71},
	{0xA9,0x02,0x00,0xB5,0x2C,0x2C,0x00,0x01,0x00,0x87,0x00,0x02,0x25,0x2C,0x61},
	{0xA9,0x02,0x00,0xB5,0x2C,0x2C,0x00,0x01,0x00,0x87,0x00,0x02,0x25,0x2C,0x71},
	{0xA9,0x02,0x00,0xB5,0x2C,0x2C,0x00,0x01,0x00,0x87,0x00,0x02,0x25,0x2C,0x81},
	{0xA9,0x02,0x00,0xB5,0x2C,0x2C,0x00,0x01,0x00,0x87,0x00,0x02,0x25,0x2C,0xA1},
	{0xA9,0x02,0x00,0xB5,0x2C,0x2C,0x00,0x01,0x00,0x87,0x00,0x02,0x25,0x2C,0xC1},
	{0xA9,0x02,0x00,0xB5,0x2C,0x2C,0x00,0x01,0x00,0x87,0x00,0x02,0x25,0x2C,0xC1},
	{0xA9,0x02,0x00,0xB5,0x2C,0x2C,0x00,0x01,0x00,0x87,0x00,0x02,0x25,0x2C,0xE1},
	{0xA9,0x02,0x00,0xB5,0x2C,0x2C,0x00,0x01,0x00,0x87,0x00,0x02,0x25,0x2C,0xF1},
	{0xA9,0x02,0x00,0xB5,0x2C,0x2C,0x00,0x01,0x00,0x87,0x00,0x02,0x25,0x2D,0x11},
	{0xA9,0x02,0x00,0xB5,0x2C,0x2C,0x00,0x01,0x00,0x87,0x00,0x02,0x25,0x2D,0x11},
	{0xA9,0x02,0x00,0xB5,0x2C,0x2C,0x00,0x01,0x00,0x87,0x00,0x02,0x25,0x2D,0x31},
	{0xA9,0x02,0x00,0xB5,0x2C,0x2C,0x00,0x01,0x00,0x87,0x00,0x02,0x25,0x2D,0x51},
	{0xA9,0x02,0x00,0xB5,0x2C,0x2C,0x00,0x01,0x00,0x87,0x00,0x02,0x25,0x2D,0x61},
	{0xA9,0x02,0x00,0xB5,0x2C,0x2C,0x00,0x01,0x00,0x87,0x00,0x02,0x25,0x2D,0x71},
	{0xA9,0x02,0x00,0xB5,0x2C,0x2C,0x00,0x01,0x00,0x87,0x00,0x02,0x25,0x2D,0x81},
	{0xA9,0x02,0x00,0xB5,0x2C,0x2C,0x00,0x01,0x00,0x87,0x00,0x02,0x25,0x2D,0x91},
	{0xA9,0x02,0x00,0xB5,0x2C,0x2C,0x00,0x01,0x00,0x87,0x00,0x02,0x25,0x2D,0xB1},
	{0xA9,0x02,0x00,0xB5,0x2C,0x2C,0x00,0x01,0x00,0x87,0x00,0x02,0x25,0x2D,0xC1},
	{0xA9,0x02,0x00,0xB5,0x2C,0x2C,0x00,0x01,0x00,0x87,0x00,0x02,0x25,0x2D,0xE1},
	{0xA9,0x02,0x00,0xB5,0x2C,0x2C,0x00,0x01,0x00,0x87,0x00,0x02,0x25,0x2D,0xE1},
	{0xA9,0x02,0x00,0xB5,0x2C,0x2C,0x00,0x01,0x00,0x87,0x00,0x02,0x25,0x2D,0xF1},
	{0xA9,0x02,0x00,0xB5,0x2C,0x2C,0x00,0x01,0x00,0x87,0x00,0x02,0x25,0x2E,0x11},
	{0xA9,0x02,0x00,0xB5,0x2C,0x2C,0x00,0x01,0x00,0x87,0x00,0x02,0x25,0x2E,0x21},
	{0xA9,0x02,0x00,0xB5,0x2C,0x2C,0x00,0x01,0x00,0x87,0x00,0x02,0x25,0x2E,0x31},
	{0xA9,0x02,0x00,0xB5,0x2C,0x2C,0x00,0x01,0x00,0x87,0x00,0x02,0x25,0x2E,0x51},
	{0xA9,0x02,0x00,0xB5,0x2C,0x2C,0x00,0x01,0x00,0x87,0x00,0x02,0x25,0x2E,0x61},
	{0xA9,0x02,0x00,0xB5,0x2C,0x2C,0x00,0x01,0x00,0x87,0x00,0x02,0x25,0x2E,0x81},
	{0xA9,0x02,0x00,0xB5,0x2C,0x2C,0x00,0x01,0x00,0x87,0x00,0x02,0x25,0x2E,0x91},
	{0xA9,0x02,0x00,0xB5,0x2C,0x2C,0x00,0x01,0x00,0x87,0x00,0x02,0x25,0x2E,0xC1},
	{0xA9,0x02,0x00,0xB5,0x2C,0x2C,0x00,0x01,0x00,0x87,0x00,0x02,0x25,0x2E,0xD1},
	{0xA9,0x02,0x00,0xB5,0x2C,0x2C,0x00,0x01,0x00,0x87,0x00,0x02,0x25,0x2E,0xE1},
	{0xA9,0x02,0x00,0xB5,0x2C,0x2C,0x00,0x01,0x00,0x87,0x00,0x02,0x25,0x2E,0xF1},
	{0xA9,0x02,0x00,0xB5,0x2C,0x2C,0x00,0x01,0x00,0x87,0x00,0x02,0x25,0x2F,0x01},
	{0xA9,0x02,0x00,0xB5,0x2C,0x2C,0x00,0x01,0x00,0x87,0x00,0x02,0x25,0x2F,0x01},
	{0xA9,0x02,0x00,0xB5,0x2C,0x2C,0x00,0x01,0x00,0x87,0x00,0x02,0x25,0x2F,0x21},
	{0xA9,0x02,0x00,0xB5,0x2C,0x2C,0x00,0x01,0x00,0x87,0x00,0x02,0x25,0x2F,0x21},
	{0xA9,0x02,0x00,0xB5,0x2C,0x2C,0x00,0x01,0x00,0x87,0x00,0x02,0x25,0x2F,0x31},
	{0xA9,0x02,0x00,0xB5,0x2C,0x2C,0x00,0x01,0x00,0x87,0x00,0x02,0x25,0x2F,0x41},
	{0xA9,0x02,0x00,0xB5,0x2C,0x2C,0x00,0x01,0x00,0x87,0x00,0x02,0x25,0x2F,0x41},
	{0xA9,0x02,0x00,0xB5,0x2C,0x2C,0x00,0x01,0x00,0x87,0x00,0x02,0x25,0x2F,0x61},
	{0xA9,0x02,0x00,0xB5,0x2C,0x2C,0x00,0x01,0x00,0x87,0x00,0x02,0x25,0x2F,0x71},
	{0xA9,0x02,0x00,0xB5,0x2C,0x2C,0x00,0x01,0x00,0x87,0x00,0x02,0x25,0x2F,0x81},
	{0xA9,0x02,0x00,0xB5,0x2C,0x2C,0x00,0x01,0x00,0x87,0x00,0x02,0x25,0x2F,0x91},
	{0xA9,0x02,0x00,0xB5,0x2C,0x2C,0x00,0x01,0x00,0x87,0x00,0x02,0x25,0x2F,0x81},
	{0xA9,0x02,0x00,0xB5,0x2C,0x2C,0x00,0x01,0x00,0x87,0x00,0x02,0x25,0x2F,0x81},
	{0xA9,0x02,0x00,0xB5,0x2C,0x2C,0x00,0x01,0x00,0x87,0x00,0x02,0x25,0x2F,0xB1},
	{0xA9,0x02,0x00,0xB5,0x2C,0x2C,0x00,0x01,0x00,0x87,0x00,0x02,0x25,0x2F,0xB1},
	{0xA9,0x02,0x00,0xB5,0x2C,0x2C,0x00,0x01,0x00,0x87,0x00,0x02,0x25,0x2F,0xC1},
	{0xA9,0x02,0x00,0xB5,0x2C,0x2C,0x00,0x01,0x00,0x87,0x00,0x02,0x25,0x2F,0xE1},
	{0xA9,0x02,0x00,0xB5,0x2C,0x2C,0x00,0x01,0x00,0x87,0x00,0x02,0x25,0x2F,0xE1},
	{0xA9,0x02,0x00,0xB5,0x2C,0x2C,0x00,0x01,0x00,0x87,0x00,0x02,0x25,0x30,0x01},
	{0xA9,0x02,0x00,0xB5,0x2C,0x2C,0x00,0x01,0x00,0x87,0x00,0x02,0x25,0x30,0x01},
	{0xA9,0x02,0x00,0xB5,0x2C,0x2C,0x00,0x01,0x00,0x87,0x00,0x02,0x25,0x30,0x11},
	{0xA9,0x02,0x00,0xB5,0x2C,0x2C,0x00,0x01,0x00,0x87,0x00,0x02,0x25,0x30,0x21},
	{0xA9,0x02,0x00,0xB5,0x2C,0x2C,0x00,0x01,0x00,0x87,0x00,0x02,0x25,0x30,0x31},
	{0xA9,0x02,0x00,0xB5,0x2C,0x2C,0x00,0x01,0x00,0x87,0x00,0x02,0x25,0x30,0x41},
	{0xA9,0x02,0x00,0xB5,0x2C,0x2C,0x00,0x01,0x00,0x87,0x00,0x02,0x25,0x30,0x51},
	{0xA9,0x02,0x00,0xB5,0x2C,0x2C,0x00,0x01,0x00,0x87,0x00,0x02,0x25,0x30,0x61},
	{0xA9,0x02,0x00,0xB5,0x2C,0x2C,0x00,0x01,0x00,0x87,0x00,0x02,0x25,0x30,0x61},
	{0xA9,0x02,0x00,0xB5,0x2C,0x2C,0x00,0x01,0x00,0x87,0x00,0x02,0x25,0x30,0x61},
	{0xA9,0x02,0x00,0xB5,0x2C,0x2C,0x00,0x01,0x00,0x87,0x00,0x02,0x25,0x30,0x91},
	{0xA9,0x02,0x00,0xB5,0x2C,0x2C,0x00,0x01,0x00,0x87,0x00,0x02,0x25,0x30,0x91},
	{0xA9,0x02,0x00,0xB5,0x2C,0x2C,0x00,0x01,0x00,0x87,0x00,0x02,0x25,0x30,0xB1},
	{0xA9,0x02,0x00,0xB5,0x2C,0x2C,0x00,0x01,0x00,0x87,0x00,0x02,0x25,0x30,0xB1},
	{0xA9,0x02,0x00,0xB5,0x2C,0x2C,0x00,0x01,0x00,0x87,0x00,0x02,0x25,0x30,0xC1},
	{0xA9,0x02,0x00,0xB5,0x2C,0x2C,0x00,0x01,0x00,0x87,0x00,0x02,0x25,0x30,0xC1},
	{0xA9,0x02,0x00,0xB5,0x2C,0x2C,0x00,0x01,0x00,0x87,0x00,0x02,0x25,0x30,0xD1},
	{0xA9,0x02,0x00,0xB5,0x2C,0x2C,0x00,0x01,0x00,0x87,0x00,0x02,0x25,0x30,0xE1},
	{0xA9,0x02,0x00,0xB5,0x2C,0x2C,0x00,0x01,0x00,0x87,0x00,0x02,0x25,0x30,0xF1},
	{0xA9,0x02,0x00,0xB5,0x2C,0x2C,0x00,0x01,0x00,0x87,0x00,0x02,0x25,0x31,0x01},
	{0xA9,0x02,0x00,0xB5,0x2C,0x2C,0x00,0x01,0x00,0x87,0x00,0x02,0x25,0x31,0x11},
	{0xA9,0x02,0x00,0xB5,0x2C,0x2C,0x00,0x01,0x00,0x87,0x00,0x02,0x25,0x31,0x21},
	{0xA9,0x02,0x00,0xB5,0x2C,0x2C,0x00,0x01,0x00,0x87,0x00,0x02,0x25,0x31,0x31},
	{0xA9,0x02,0x00,0xB5,0x2C,0x2C,0x00,0x01,0x00,0x87,0x00,0x02,0x25,0x31,0x31},
	{0xA9,0x02,0x00,0xB5,0x2C,0x2C,0x00,0x01,0x00,0x87,0x00,0x02,0x25,0x31,0x51},
	{0xA9,0x02,0x00,0xB5,0x2C,0x2C,0x00,0x01,0x00,0x87,0x00,0x02,0x25,0x31,0x61},
	{0xA9,0x02,0x00,0xB5,0x2C,0x2C,0x00,0x01,0x00,0x87,0x00,0x02,0x25,0x31,0x61},
	{0xA9,0x02,0x00,0xB5,0x2C,0x2C,0x00,0x01,0x00,0x87,0x00,0x02,0x25,0x31,0x81},
	{0xA9,0x02,0x00,0xB5,0x2C,0x2C,0x00,0x01,0x00,0x87,0x00,0x02,0x25,0x31,0x91},
	{0xA9,0x02,0x00,0xB5,0x2C,0x2C,0x00,0x01,0x00,0x87,0x00,0x02,0x25,0x31,0x91},
	{0xA9,0x02,0x00,0xB5,0x2C,0x2C,0x00,0x01,0x00,0x87,0x00,0x02,0x25,0x31,0xA1},
	{0xA9,0x02,0x00,0xB5,0x2C,0x2C,0x00,0x01,0x00,0x87,0x00,0x02,0x25,0x31,0xA1},
	{0xA9,0x02,0x00,0xB5,0x2C,0x2C,0x00,0x01,0x00,0x87,0x00,0x02,0x25,0x31,0xC1},
	{0xA9,0x02,0x00,0xB5,0x2C,0x2C,0x00,0x01,0x00,0x87,0x00,0x02,0x25,0x31,0xD1},
	{0xA9,0x02,0x00,0xB5,0x2C,0x2C,0x00,0x01,0x00,0x87,0x00,0x02,0x25,0x31,0xE1},
	{0xA9,0x02,0x00,0xB5,0x2C,0x2C,0x00,0x01,0x00,0x87,0x00,0x02,0x25,0x31,0xE1},
	{0xA9,0x02,0x00,0xB5,0x2C,0x2C,0x00,0x01,0x00,0x87,0x00,0x02,0x25,0x31,0xF1},
	{0xA9,0x02,0x00,0xB5,0x2C,0x2C,0x00,0x01,0x00,0x87,0x00,0x02,0x25,0x32,0x11},
	{0xA9,0x02,0x00,0xB5,0x2C,0x2C,0x00,0x01,0x00,0x87,0x00,0x02,0x25,0x32,0x21},
	{0xA9,0x02,0x00,0xB5,0x2C,0x2C,0x00,0x01,0x00,0x87,0x00,0x02,0x25,0x32,0x21},
	{0xA9,0x02,0x00,0xB5,0x2C,0x2C,0x00,0x01,0x00,0x87,0x00,0x02,0x25,0x32,0x41},
	{0xA9,0x02,0x00,0xB5,0x2C,0x2C,0x00,0x01,0x00,0x87,0x00,0x02,0x25,0x32,0x41},
	{0xA9,0x02,0x00,0xB5,0x2C,0x2C,0x00,0x01,0x00,0x87,0x00,0x02,0x25,0x32,0x61},
	{0xA9,0x02,0x00,0xB5,0x2C,0x2C,0x00,0x01,0x00,0x87,0x00,0x02,0x25,0x32,0x61},
	{0xA9,0x02,0x00,0xB5,0x2C,0x2C,0x00,0x01,0x00,0x87,0x00,0x02,0x25,0x32,0x71},
	{0xA9,0x02,0x00,0xB5,0x2C,0x2C,0x00,0x01,0x00,0x87,0x00,0x02,0x25,0x32,0x81},
	{0xA9,0x02,0x00,0xB5,0x2C,0x2C,0x00,0x01,0x00,0x87,0x00,0x02,0x25,0x32,0x91},
	{0xA9,0x02,0x00,0xB5,0x2C,0x2C,0x00,0x01,0x00,0x87,0x00,0x02,0x25,0x32,0xA1},
	{0xA9,0x02,0x00,0xB5,0x2C,0x2C,0x00,0x01,0x00,0x87,0x00,0x02,0x25,0x32,0xB1},
	{0xA9,0x02,0x00,0xB5,0x2C,0x2C,0x00,0x01,0x00,0x87,0x00,0x02,0x25,0x32,0xB1},
	{0xA9,0x02,0x00,0xB5,0x2C,0x2C,0x00,0x01,0x00,0x87,0x00,0x02,0x25,0x32,0xC1},
	{0xA9,0x02,0x00,0xB5,0x2C,0x2C,0x00,0x01,0x00,0x87,0x00,0x02,0x25,0x32,0xD1},
	{0xA9,0x02,0x00,0xB5,0x2C,0x2C,0x00,0x01,0x00,0x87,0x00,0x02,0x25,0x32,0xE1},
	{0xA9,0x02,0x00,0xB5,0x2C,0x2C,0x00,0x01,0x00,0x87,0x00,0x02,0x25,0x33,0x01},
	{0xA9,0x02,0x00,0xB5,0x2C,0x2C,0x00,0x01,0x00,0x87,0x00,0x02,0x25,0x33,0x11},
	{0xA9,0x02,0x00,0xB5,0x2C,0x2C,0x00,0x01,0x00,0x87,0x00,0x02,0x25,0x33,0x21},
	{0xA9,0x02,0x00,0xB5,0x2C,0x2C,0x00,0x01,0x00,0x87,0x00,0x02,0x25,0x33,0x21},
	{0xA9,0x02,0x00,0xB5,0x2C,0x2C,0x00,0x01,0x00,0x87,0x00,0x02,0x25,0x33,0x31},
	{0xA9,0x02,0x00,0xB5,0x2C,0x2C,0x00,0x01,0x00,0x87,0x00,0x02,0x25,0x33,0x41},
	{0xA9,0x02,0x00,0xB5,0x2C,0x2C,0x00,0x01,0x00,0x87,0x00,0x02,0x25,0x33,0x51},
	{0xA9,0x02,0x00,0xB5,0x2C,0x2C,0x00,0x01,0x00,0x87,0x00,0x02,0x25,0x33,0x61},
	{0xA9,0x02,0x00,0xB5,0x2C,0x2C,0x00,0x01,0x00,0x87,0x00,0x02,0x25,0x33,0x61},
	{0xA9,0x02,0x00,0xB5,0x2C,0x2C,0x00,0x01,0x00,0x87,0x00,0x02,0x25,0x33,0x71},
	{0xA9,0x02,0x00,0xB5,0x2C,0x2C,0x00,0x01,0x00,0x87,0x00,0x02,0x25,0x33,0x71},
	{0xA9,0x02,0x00,0xB5,0x2C,0x2C,0x00,0x01,0x00,0x87,0x00,0x02,0x25,0x33,0x81},
	{0xA9,0x02,0x00,0xB5,0x2C,0x2C,0x00,0x01,0x00,0x87,0x00,0x02,0x25,0x33,0x91},
	{0xA9,0x02,0x00,0xB5,0x2C,0x2C,0x00,0x01,0x00,0x87,0x00,0x02,0x25,0x33,0x91},
	{0xA9,0x02,0x00,0xB5,0x2C,0x2C,0x00,0x01,0x00,0x87,0x00,0x02,0x25,0x33,0xB1},
	{0xA9,0x02,0x00,0xB5,0x2C,0x2C,0x00,0x01,0x00,0x87,0x00,0x02,0x25,0x33,0xC1},
	{0xA9,0x02,0x00,0xB5,0x2C,0x2C,0x00,0x01,0x00,0x87,0x00,0x02,0x25,0x33,0xC1},
	{0xA9,0x02,0x00,0xB5,0x2C,0x2C,0x00,0x01,0x00,0x87,0x00,0x02,0x25,0x33,0xC1},
	{0xA9,0x02,0x00,0xB5,0x2C,0x2C,0x00,0x01,0x00,0x87,0x00,0x02,0x25,0x33,0xE1},
	{0xA9,0x02,0x00,0xB5,0x2C,0x2C,0x00,0x01,0x00,0x87,0x00,0x02,0x25,0x33,0xF1},
	{0xA9,0x02,0x00,0xB5,0x2C,0x2C,0x00,0x01,0x00,0x87,0x00,0x02,0x25,0x34,0x01},
	{0xA9,0x02,0x00,0xB5,0x2C,0x2C,0x00,0x01,0x00,0x87,0x00,0x02,0x25,0x34,0x31},
	{0xA9,0x02,0x00,0xB5,0x2C,0x2C,0x00,0x01,0x00,0x87,0x00,0x02,0x25,0x34,0x41},
	{0xA9,0x02,0x00,0xB5,0x2C,0x2C,0x00,0x01,0x00,0x87,0x00,0x02,0x25,0x34,0x41},
	{0xA9,0x02,0x00,0xB5,0x2C,0x2C,0x00,0x01,0x00,0x87,0x00,0x02,0x25,0x34,0x51},
	{0xA9,0x02,0x00,0xB5,0x2C,0x2C,0x00,0x01,0x00,0x87,0x00,0x02,0x25,0x34,0x61},
	{0xA9,0x02,0x00,0xB5,0x2C,0x2C,0x00,0x01,0x00,0x87,0x00,0x02,0x25,0x34,0x81},
	{0xA9,0x02,0x00,0xB5,0x2C,0x2C,0x00,0x01,0x00,0x87,0x00,0x02,0x25,0x34,0x81},
	{0xA9,0x02,0x00,0xB5,0x2C,0x2C,0x00,0x01,0x00,0x87,0x00,0x02,0x25,0x34,0x91},
	{0xA9,0x02,0x00,0xB5,0x2C,0x2C,0x00,0x01,0x00,0x87,0x00,0x02,0x25,0x34,0xA1},
	{0xA9,0x02,0x00,0xB5,0x2C,0x2C,0x00,0x01,0x00,0x87,0x00,0x02,0x25,0x34,0xA1},
	{0xA9,0x02,0x00,0xB5,0x2C,0x2C,0x00,0x01,0x00,0x87,0x00,0x02,0x25,0x34,0xA1},
	{0xA9,0x02,0x00,0xB5,0x2C,0x2C,0x00,0x01,0x00,0x87,0x00,0x02,0x25,0x34,0xC1},
	{0xA9,0x02,0x00,0xB5,0x2C,0x2C,0x00,0x01,0x00,0x87,0x00,0x02,0x25,0x34,0xD1},
	{0xA9,0x02,0x00,0xB5,0x2C,0x2C,0x00,0x01,0x00,0x87,0x00,0x02,0x25,0x34,0xF1},
	{0xA9,0x02,0x00,0xB5,0x2C,0x2C,0x00,0x01,0x00,0x87,0x00,0x02,0x25,0x34,0xF1},
	{0xA9,0x02,0x00,0xB5,0x2C,0x2C,0x00,0x01,0x00,0x87,0x00,0x02,0x25,0x35,0x01},
	{0xA9,0x02,0x00,0xB5,0x2C,0x2C,0x00,0x01,0x00,0x87,0x00,0x02,0x25,0x35,0x11},
	{0xA9,0x02,0x00,0xB5,0x2C,0x2C,0x00,0x01,0x00,0x87,0x00,0x02,0x25,0x35,0x31},
	{0xA9,0x02,0x00,0xB5,0x2C,0x2C,0x00,0x01,0x00,0x87,0x00,0x02,0x25,0x35,0x31},
	{0xA9,0x02,0x00,0xB5,0x2C,0x2C,0x00,0x01,0x00,0x87,0x00,0x02,0x25,0x35,0x41},
	{0xA9,0x02,0x00,0xB5,0x2C,0x2C,0x00,0x01,0x00,0x87,0x00,0x02,0x25,0x35,0x51},
	{0xA9,0x02,0x00,0xB5,0x2C,0x2C,0x00,0x01,0x00,0x87,0x00,0x02,0x25,0x35,0x61},
	{0xA9,0x02,0x00,0xB5,0x2C,0x2C,0x00,0x01,0x00,0x87,0x00,0x02,0x25,0x35,0x61},
	{0xA9,0x02,0x00,0xB5,0x2C,0x2C,0x00,0x01,0x00,0x87,0x00,0x02,0x25,0x35,0x81},
	{0xA9,0x02,0x00,0xB5,0x2C,0x2C,0x00,0x01,0x00,0x87,0x00,0x02,0x25,0x35,0x71},
	{0xA9,0x02,0x00,0xB5,0x2C,0x2C,0x00,0x01,0x00,0x87,0x00,0x02,0x25,0x35,0x81},
	{0xA9,0x02,0x00,0xB5,0x2C,0x2C,0x00,0x01,0x00,0x87,0x00,0x02,0x25,0x35,0xB1},
	{0xA9,0x02,0x00,0xB5,0x2C,0x2C,0x00,0x01,0x00,0x87,0x00,0x02,0x25,0x35,0xC1},
	{0xA9,0x02,0x00,0xB5,0x2C,0x2C,0x00,0x01,0x00,0x87,0x00,0x02,0x25,0x35,0xD1},
	{0xA9,0x02,0x00,0xB5,0x2C,0x2C,0x00,0x01,0x00,0x87,0x00,0x02,0x25,0x35,0xD1},
	{0xA9,0x02,0x00,0xB5,0x2C,0x2C,0x00,0x01,0x00,0x87,0x00,0x02,0x25,0x35,0xE1},
	{0xA9,0x02,0x00,0xB5,0x2C,0x2C,0x00,0x01,0x00,0x87,0x00,0x02,0x25,0x35,0xF1},
	{0xA9,0x02,0x00,0xB5,0x2C,0x2C,0x00,0x01,0x00,0x87,0x00,0x02,0x25,0x36,0x01},
	{0xA9,0x02,0x00,0xB5,0x2C,0x2C,0x00,0x01,0x00,0x87,0x00,0x02,0x25,0x36,0x11},
	{0xA9,0x02,0x00,0xB5,0x2C,0x2C,0x00,0x01,0x00,0x87,0x00,0x02,0x25,0x36,0x21},
	{0xA9,0x02,0x00,0xB5,0x2C,0x2C,0x00,0x01,0x00,0x87,0x00,0x02,0x25,0x36,0x21},
	{0xA9,0x02,0x00,0xB5,0x2C,0x2C,0x00,0x01,0x00,0x87,0x00,0x02,0x25,0x36,0x41},
	{0xA9,0x02,0x00,0xB5,0x2C,0x2C,0x00,0x01,0x00,0x87,0x00,0x02,0x25,0x36,0x51},
	{0xA9,0x02,0x00,0xB5,0x2C,0x2C,0x00,0x01,0x00,0x87,0x00,0x02,0x25,0x36,0x61},
	{0xA9,0x02,0x00,0xB5,0x2C,0x2C,0x00,0x01,0x00,0x87,0x00,0x02,0x25,0x36,0x71},
	{0xA9,0x02,0x00,0xB5,0x2C,0x2C,0x00,0x01,0x00,0x87,0x00,0x02,0x25,0x36,0x91},
	{0xA9,0x02,0x00,0xB5,0x2C,0x2C,0x00,0x01,0x00,0x87,0x00,0x02,0x25,0x36,0x71},
	{0xA9,0x02,0x00,0xB5,0x2C,0x2C,0x00,0x01,0x00,0x87,0x00,0x02,0x25,0x36,0x91},
	{0xA9,0x02,0x00,0xB5,0x2C,0x2C,0x00,0x01,0x00,0x87,0x00,0x02,0x25,0x36,0x91},
	{0xA9,0x02,0x00,0xB5,0x2C,0x2C,0x00,0x01,0x00,0x87,0x00,0x02,0x25,0x36,0xA1},
	{0xA9,0x02,0x00,0xB5,0x2C,0x2C,0x00,0x01,0x00,0x87,0x00,0x02,0x25,0x36,0xC1},
	{0xA9,0x02,0x00,0xB5,0x2C,0x2C,0x00,0x01,0x00,0x87,0x00,0x02,0x25,0x36,0xD1},
	{0xA9,0x02,0x00,0xB5,0x2C,0x2C,0x00,0x01,0x00,0x87,0x00,0x02,0x25,0x36,0xE1},
	{0xA9,0x02,0x00,0xB5,0x2C,0x2C,0x00,0x01,0x00,0x87,0x00,0x02,0x25,0x37,0x01},
	{0xA9,0x02,0x00,0xB5,0x2C,0x2C,0x00,0x01,0x00,0x87,0x00,0x02,0x25,0x37,0x01},
	{0xA9,0x02,0x00,0xB5,0x2C,0x2C,0x00,0x01,0x00,0x87,0x00,0x02,0x25,0x37,0x11},
	{0xA9,0x02,0x00,0xB5,0x2C,0x2C,0x00,0x01,0x00,0x87,0x00,0x02,0x25,0x37,0x21},
	{0xA9,0x02,0x00,0xB5,0x2C,0x2C,0x00,0x01,0x00,0x87,0x00,0x02,0x25,0x37,0x31},
	{0xA9,0x02,0x00,0xB5,0x2C,0x2C,0x00,0x01,0x00,0x87,0x00,0x02,0x25,0x37,0x41},
	{0xA9,0x02,0x00,0xB5,0x2C,0x2C,0x00,0x01,0x00,0x87,0x00,0x02,0x25,0x37,0x51},
	{0xA9,0x02,0x00,0xB5,0x2C,0x2C,0x00,0x01,0x00,0x87,0x00,0x02,0x25,0x37,0x61},
	{0xA9,0x02,0x00,0xB5,0x2C,0x2C,0x00,0x01,0x00,0x87,0x00,0x02,0x25,0x37,0x71},
	{0xA9,0x02,0x00,0xB5,0x2C,0x2C,0x00,0x01,0x00,0x87,0x00,0x02,0x25,0x37,0x81},
	{0xA9,0x02,0x00,0xB5,0x2C,0x2C,0x00,0x01,0x00,0x87,0x00,0x02,0x25,0x37,0x81},
	{0xA9,0x02,0x00,0xB5,0x2C,0x2C,0x00,0x01,0x00,0x87,0x00,0x02,0x25,0x37,0xA1},
	{0xA9,0x02,0x00,0xB5,0x2C,0x2C,0x00,0x01,0x00,0x87,0x00,0x02,0x25,0x37,0x91},
	{0xA9,0x02,0x00,0xB5,0x2C,0x2C,0x00,0x01,0x00,0x87,0x00,0x02,0x25,0x37,0xA1},
	{0xA9,0x02,0x00,0xB5,0x2C,0x2C,0x00,0x01,0x00,0x87,0x00,0x02,0x25,0x37,0xC1},
	{0xA9,0x02,0x00,0xB5,0x2C,0x2C,0x00,0x01,0x00,0x87,0x00,0x02,0x25,0x37,0xD1},
	{0xA9,0x02,0x00,0xB5,0x2C,0x2C,0x00,0x01,0x00,0x87,0x00,0x02,0x25,0x37,0xE1},
	{0xA9,0x02,0x00,0xB5,0x2C,0x2C,0x00,0x01,0x00,0x87,0x00,0x02,0x25,0x37,0xE1},
	{0xA9,0x02,0x00,0xB5,0x2C,0x2C,0x00,0x01,0x00,0x87,0x00,0x02,0x25,0x38,0x11},
	{0xA9,0x02,0x00,0xB5,0x2C,0x2C,0x00,0x01,0x00,0x87,0x00,0x02,0x25,0x38,0x21},
	{0xA9,0x02,0x00,0xB5,0x2C,0x2C,0x00,0x01,0x00,0x87,0x00,0x02,0x25,0x38,0x31},
	{0xA9,0x02,0x00,0xB5,0x2C,0x2C,0x00,0x01,0x00,0x87,0x00,0x02,0x25,0x38,0x41},
	{0xA9,0x02,0x00,0xB5,0x2C,0x2C,0x00,0x01,0x00,0x87,0x00,0x02,0x25,0x38,0x61},
	{0xA9,0x02,0x00,0xB5,0x2C,0x2C,0x00,0x01,0x00,0x87,0x00,0x02,0x25,0x38,0x61},
	{0xA9,0x02,0x00,0xB5,0x2C,0x2C,0x00,0x01,0x00,0x87,0x00,0x02,0x25,0x38,0x51},
	{0xA9,0x02,0x00,0xB5,0x2C,0x2C,0x00,0x01,0x00,0x87,0x00,0x02,0x25,0x38,0x61},
	{0xA9,0x02,0x00,0xB5,0x2C,0x2C,0x00,0x01,0x00,0x87,0x00,0x02,0x25,0x38,0x71},
	{0xA9,0x02,0x00,0xB5,0x2C,0x2C,0x00,0x01,0x00,0x87,0x00,0x02,0x25,0x38,0x81},
	{0xA9,0x02,0x00,0xB5,0x2C,0x2C,0x00,0x01,0x00,0x87,0x00,0x02,0x25,0x38,0x91},
	{0xA9,0x02,0x00,0xB5,0x2C,0x2C,0x00,0x01,0x00,0x87,0x00,0x02,0x25,0x38,0xA1},
	{0xA9,0x02,0x00,0xB5,0x2C,0x2C,0x00,0x01,0x00,0x87,0x00,0x02,0x25,0x38,0xB1},
	{0xA9,0x02,0x00,0xB5,0x2C,0x2C,0x00,0x01,0x00,0x87,0x00,0x02,0x25,0x38,0xC1},
	{0xA9,0x02,0x00,0xB5,0x2C,0x2C,0x00,0x01,0x00,0x87,0x00,0x02,0x25,0x38,0xD1},
	{0xA9,0x02,0x00,0xB5,0x2C,0x2C,0x00,0x01,0x00,0x87,0x00,0x02,0x25,0x38,0xD1},
	{0xA9,0x02,0x00,0xB5,0x2C,0x2C,0x00,0x01,0x00,0x87,0x00,0x02,0x25,0x38,0xE1},
	{0xA9,0x02,0x00,0xB5,0x2C,0x2C,0x00,0x01,0x00,0x87,0x00,0x02,0x25,0x38,0xF1},
	{0xA9,0x02,0x00,0xB5,0x2C,0x2C,0x00,0x01,0x00,0x87,0x00,0x02,0x25,0x39,0x21},
	{0xA9,0x02,0x00,0xB5,0x2C,0x2C,0x00,0x01,0x00,0x87,0x00,0x02,0x25,0x39,0x41},
	{0xA9,0x02,0x00,0xB5,0x2C,0x2C,0x00,0x01,0x00,0x87,0x00,0x02,0x25,0x39,0x51},
	{0xA9,0x02,0x00,0xB5,0x2C,0x2C,0x00,0x01,0x00,0x87,0x00,0x02,0x25,0x39,0x61},
	{0xA9,0x02,0x00,0xB5,0x2C,0x2C,0x00,0x01,0x00,0x87,0x00,0x02,0x25,0x39,0x71},
	{0xA9,0x02,0x00,0xB5,0x2C,0x2C,0x00,0x01,0x00,0x87,0x00,0x02,0x25,0x39,0x81},
	{0xA9,0x02,0x00,0xB5,0x2C,0x2C,0x00,0x01,0x00,0x87,0x00,0x02,0x25,0x39,0x91},
	{0xA9,0x02,0x00,0xB5,0x2C,0x2C,0x00,0x01,0x00,0x87,0x00,0x02,0x25,0x39,0x91},
	{0xA9,0x02,0x00,0xB5,0x2C,0x2C,0x00,0x01,0x00,0x87,0x00,0x02,0x25,0x39,0x91},
	{0xA9,0x02,0x00,0xB5,0x2C,0x2C,0x00,0x01,0x00,0x87,0x00,0x02,0x25,0x39,0xB1},
	{0xA9,0x02,0x00,0xB5,0x2C,0x2C,0x00,0x01,0x00,0x87,0x00,0x02,0x25,0x39,0xB1},
	{0xA9,0x02,0x00,0xB5,0x2C,0x2C,0x00,0x01,0x00,0x87,0x00,0x02,0x25,0x39,0xC1},
	{0xA9,0x02,0x00,0xB5,0x2C,0x2C,0x00,0x01,0x00,0x87,0x00,0x02,0x25,0x39,0xE1},
	{0xA9,0x02,0x00,0xB5,0x2C,0x2C,0x00,0x01,0x00,0x87,0x00,0x02,0x25,0x3A,0x01},
	{0xA9,0x02,0x00,0xB5,0x2C,0x2C,0x00,0x01,0x00,0x87,0x00,0x02,0x25,0x3A,0x11},
	{0xA9,0x02,0x00,0xB5,0x2C,0x2C,0x00,0x01,0x00,0x87,0x00,0x02,0x25,0x3A,0x21},
	{0xA9,0x02,0x00,0xB5,0x2C,0x2C,0x00,0x01,0x00,0x87,0x00,0x02,0x25,0x3A,0x21},
	{0xA9,0x02,0x00,0xB5,0x2C,0x2C,0x00,0x01,0x00,0x87,0x00,0x02,0x25,0x3A,0x41},
	{0xA9,0x02,0x00,0xB5,0x2C,0x2C,0x00,0x01,0x00,0x87,0x00,0x02,0x25,0x3A,0x51},
	{0xA9,0x02,0x00,0xB5,0x2C,0x2C,0x00,0x01,0x00,0x87,0x00,0x02,0x25,0x3A,0x61},
	{0xA9,0x02,0x00,0xB5,0x2C,0x2C,0x00,0x01,0x00,0x87,0x00,0x02,0x25,0x3A,0x71},
	{0xA9,0x02,0x00,0xB5,0x2C,0x2C,0x00,0x01,0x00,0x87,0x00,0x02,0x25,0x3A,0x61},
	{0xA9,0x02,0x00,0xB5,0x2C,0x2C,0x00,0x01,0x00,0x87,0x00,0x02,0x25,0x3A,0x71},
	{0xA9,0x02,0x00,0xB5,0x2C,0x2C,0x00,0x01,0x00,0x87,0x00,0x02,0x25,0x3A,0x81},
	{0xA9,0x02,0x00,0xB5,0x2C,0x2C,0x00,0x01,0x00,0x87,0x00,0x02,0x25,0x3A,0x91},
	{0xA9,0x02,0x00,0xB5,0x2C,0x2C,0x00,0x01,0x00,0x87,0x00,0x02,0x25,0x3A,0xA1},
	{0xA9,0x02,0x00,0xB5,0x2C,0x2C,0x00,0x01,0x00,0x87,0x00,0x02,0x25,0x3A,0xB1},
	{0xA9,0x02,0x00,0xB5,0x2C,0x2C,0x00,0x01,0x00,0x87,0x00,0x02,0x25,0x3A,0xD1},
	{0xA9,0x02,0x00,0xB5,0x2C,0x2C,0x00,0x01,0x00,0x87,0x00,0x02,0x25,0x3A,0xE1},
	{0xA9,0x02,0x00,0xB5,0x2C,0x2C,0x00,0x01,0x00,0x87,0x00,0x02,0x25,0x3A,0xF1},
	{0xA9,0x02,0x00,0xB5,0x2C,0x2C,0x00,0x01,0x00,0x87,0x00,0x02,0x25,0x3B,0x01},
	{0xA9,0x02,0x00,0xB5,0x2C,0x2C,0x00,0x01,0x00,0x87,0x00,0x02,0x25,0x3B,0x11},
	{0xA9,0x02,0x00,0xB5,0x2C,0x2C,0x00,0x01,0x00,0x87,0x00,0x02,0x25,0x3B,0x11},
	{0xA9,0x02,0x00,0xB5,0x2C,0x2C,0x00,0x01,0x00,0x87,0x00,0x02,0x25,0x3B,0x31},
	{0xA9,0x02,0x00,0xB5,0x2C,0x2C,0x00,0x01,0x00,0x87,0x00,0x02,0x25,0x3B,0x31},
	{0xA9,0x02,0x00,0xB5,0x2C,0x2C,0x00,0x01,0x00,0x87,0x00,0x02,0x25,0x3B,0x61},
	{0xA9,0x02,0x00,0xB5,0x2C,0x2C,0x00,0x01,0x00,0x87,0x00,0x02,0x25,0x3B,0x41},
	{0xA9,0x02,0x00,0xB5,0x2C,0x2C,0x00,0x01,0x00,0x87,0x00,0x02,0x25,0x3B,0x61},
	{0xA9,0x02,0x00,0xB5,0x2C,0x2C,0x00,0x01,0x00,0x87,0x00,0x02,0x25,0x3B,0x81},
	{0xA9,0x02,0x00,0xB5,0x2C,0x2C,0x00,0x01,0x00,0x87,0x00,0x02,0x25,0x3B,0x81},
	{0xA9,0x02,0x00,0xB5,0x2C,0x2C,0x00,0x01,0x00,0x87,0x00,0x02,0x25,0x3B,0x91},
	{0xA9,0x02,0x00,0xB5,0x2C,0x2C,0x00,0x01,0x00,0x87,0x00,0x02,0x25,0x3B,0xC1},
	{0xA9,0x02,0x00,0xB5,0x2C,0x2C,0x00,0x01,0x00,0x87,0x00,0x02,0x25,0x3B,0xB1},
	{0xA9,0x02,0x00,0xB5,0x2C,0x2C,0x00,0x01,0x00,0x87,0x00,0x02,0x25,0x3B,0xC1},
	{0xA9,0x02,0x00,0xB5,0x2C,0x2C,0x00,0x01,0x00,0x87,0x00,0x02,0x25,0x3B,0xD1},
	{0xA9,0x02,0x00,0xB5,0x2C,0x2C,0x00,0x01,0x00,0x87,0x00,0x02,0x25,0x3B,0xF1},
	{0xA9,0x02,0x00,0xB5,0x2C,0x2C,0x00,0x01,0x00,0x87,0x00,0x02,0x25,0x3C,0x01},
	{0xA9,0x02,0x00,0xB5,0x2C,0x2C,0x00,0x01,0x00,0x87,0x00,0x02,0x25,0x3C,0x21},
	{0xA9,0x02,0x00,0xB5,0x2C,0x2C,0x00,0x01,0x00,0x87,0x00,0x02,0x25,0x3C,0x31},
	{0xA9,0x02,0x00,0xB5,0x2C,0x2C,0x00,0x01,0x00,0x87,0x00,0x02,0x25,0x3C,0x41},
	{0xA9,0x02,0x00,0xB5,0x2C,0x2C,0x00,0x01,0x00,0x87,0x00,0x02,0x25,0x3C,0x51},
	{0xA9,0x02,0x00,0xB5,0x2C,0x2C,0x00,0x01,0x00,0x87,0x00,0x02,0x25,0x3C,0x61},
	{0xA9,0x02,0x00,0xB5,0x2C,0x2C,0x00,0x01,0x00,0x87,0x00,0x02,0x25,0x3C,0x51},
	{0xA9,0x02,0x00,0xB5,0x2C,0x2C,0x00,0x01,0x00,0x87,0x00,0x02,0x25,0x3C,0x61},
	{0xA9,0x02,0x00,0xB5,0x2C,0x2C,0x00,0x01,0x00,0x87,0x00,0x02,0x25,0x3C,0x81},
	{0xA9,0x02,0x00,0xB5,0x2C,0x2C,0x00,0x01,0x00,0x87,0x00,0x02,0x25,0x3C,0x91},
	{0xA9,0x02,0x00,0xB5,0x2C,0x2C,0x00,0x01,0x00,0x87,0x00,0x02,0x25,0x3C,0x91},
	{0xA9,0x02,0x00,0xB5,0x2C,0x2C,0x00,0x01,0x00,0x87,0x00,0x02,0x25,0x3C,0xA1},
	{0xA9,0x02,0x00,0xB5,0x2C,0x2C,0x00,0x01,0x00,0x87,0x00,0x02,0x25,0x3C,0xB1},
	{0xA9,0x02,0x00,0xB5,0x2C,0x2C,0x00,0x01,0x00,0x87,0x00,0x02,0x25,0x3C,0xD1},
	{0xA9,0x02,0x00,0xB5,0x2C,0x2C,0x00,0x01,0x00,0x87,0x00,0x02,0x25,0x3D,0x01},
	{0xA9,0x02,0x00,0xB5,0x2C,0x2C,0x00,0x01,0x00,0x87,0x00,0x02,0x25,0x3D,0x11},
	{0xA9,0x02,0x00,0xB5,0x2C,0x2C,0x00,0x01,0x00,0x87,0x00,0x02,0x25,0x3D,0x21},
	{0xA9,0x02,0x00,0xB5,0x2C,0x2C,0x00,0x01,0x00,0x87,0x00,0x02,0x25,0x3D,0x31},
	{0xA9,0x02,0x00,0xB5,0x2C,0x2C,0x00,0x01,0x00,0x87,0x00,0x02,0x25,0x3D,0x41},
	{0xA9,0x02,0x00,0xB5,0x2C,0x2C,0x00,0x01,0x00,0x87,0x00,0x02,0x25,0x3D,0x51},
	{0xA9,0x02,0x00,0xB5,0x2C,0x2C,0x00,0x01,0x00,0x87,0x00,0x02,0x25,0x3D,0x71},
	{0xA9,0x02,0x00,0xB5,0x2C,0x2C,0x00,0x01,0x00,0x87,0x00,0x02,0x25,0x3D,0x51},
	{0xA9,0x02,0x00,0xB5,0x2C,0x2C,0x00,0x01,0x00,0x87,0x00,0x02,0x25,0x3D,0x71},
	{0xA9,0x02,0x00,0xB5,0x2C,0x2C,0x00,0x01,0x00,0x87,0x00,0x02,0x25,0x3D,0x81},
	{0xA9,0x02,0x00,0xB5,0x2C,0x2C,0x00,0x01,0x00,0x87,0x00,0x02,0x25,0x3D,0x91},
	{0xA9,0x02,0x00,0xB5,0x2C,0x2C,0x00,0x01,0x00,0x87,0x00,0x02,0x25,0x3D,0x91},
	{0xA9,0x02,0x00,0xB5,0x2C,0x2C,0x00,0x01,0x00,0x87,0x00,0x02,0x25,0x3D,0xA1},
	{0xA9,0x02,0x00,0xB5,0x2C,0x2C,0x00,0x01,0x00,0x87,0x00,0x02,0x25,0x3D,0xB1},
	{0xA9,0x02,0x00,0xB5,0x2C,0x2C,0x00,0x01,0x00,0x87,0x00,0x02,0x25,0x3D,0xC1},
	{0xA9,0x02,0x00,0xB5,0x2C,0x2C,0x00,0x01,0x00,0x87,0x00,0x02,0x25,0x3D,0xE1},
	{0xA9,0x02,0x00,0xB5,0x2C,0x2C,0x00,0x01,0x00,0x87,0x00,0x02,0x25,0x3D,0xE1},
	{0xA9,0x02,0x00,0xB5,0x2C,0x2C,0x00,0x01,0x00,0x87,0x00,0x02,0x25,0x3D,0xF1},
	{0xA9,0x02,0x00,0xB5,0x2C,0x2C,0x00,0x01,0x00,0x87,0x00,0x02,0x25,0x3E,0x01},
	{0xA9,0x02,0x00,0xB5,0x2C,0x2C,0x00,0x01,0x00,0x87,0x00,0x02,0x25,0x3E,0x01},
	{0xA9,0x02,0x00,0xB5,0x2C,0x2C,0x00,0x01,0x00,0x87,0x00,0x02,0x25,0x3E,0x21},
	{0xA9,0x02,0x00,0xB5,0x2C,0x2C,0x00,0x01,0x00,0x87,0x00,0x02,0x25,0x3E,0x31},
	{0xA9,0x02,0x00,0xB5,0x2C,0x2C,0x00,0x01,0x00,0x87,0x00,0x02,0x25,0x3E,0x41},
	{0xA9,0x02,0x00,0xB5,0x2C,0x2C,0x00,0x01,0x00,0x87,0x00,0x02,0x25,0x3E,0x51},
	{0xA9,0x02,0x00,0xB5,0x2C,0x2C,0x00,0x01,0x00,0x87,0x00,0x02,0x25,0x3E,0x61},
	{0xA9,0x02,0x00,0xB5,0x2C,0x2C,0x00,0x01,0x00,0x87,0x00,0x02,0x25,0x3E,0x81},
	{0xA9,0x02,0x00,0xB5,0x2C,0x2C,0x00,0x01,0x00,0x87,0x00,0x02,0x25,0x3E,0x91},
	{0xA9,0x02,0x00,0xB5,0x2C,0x2C,0x00,0x01,0x00,0x87,0x00,0x02,0x25,0x3E,0xA1},
	{0xA9,0x02,0x00,0xB5,0x2C,0x2C,0x00,0x01,0x00,0x87,0x00,0x02,0x25,0x3E,0xB1},
	{0xA9,0x02,0x00,0xB5,0x2C,0x2C,0x00,0x01,0x00,0x87,0x00,0x02,0x25,0x3E,0xC1},
	{0xA9,0x02,0x00,0xB5,0x2C,0x2C,0x00,0x01,0x00,0x87,0x00,0x02,0x25,0x3E,0xE1},
	{0xA9,0x02,0x00,0xB5,0x2C,0x2C,0x00,0x01,0x00,0x87,0x00,0x02,0x25,0x3E,0xE1},
	{0xA9,0x02,0x00,0xB5,0x2C,0x2C,0x00,0x01,0x00,0x87,0x00,0x02,0x25,0x3E,0xF1},
	{0xA9,0x02,0x00,0xB5,0x2C,0x2C,0x00,0x01,0x00,0x87,0x00,0x02,0x25,0x3F,0x11},
	{0xA9,0x02,0x00,0xB5,0x2C,0x2C,0x00,0x01,0x00,0x87,0x00,0x02,0x25,0x3F,0x11},
	{0xA9,0x02,0x00,0xB5,0x2C,0x2C,0x00,0x01,0x00,0x87,0x00,0x02,0x25,0x3F,0x31},
	{0xA9,0x02,0x00,0xB5,0x2C,0x2C,0x00,0x01,0x00,0x87,0x00,0x02,0x25,0x3F,0x41},
	{0xA9,0x02,0x00,0xB5,0x2C,0x2C,0x00,0x01,0x00,0x87,0x00,0x02,0x25,0x3F,0x51},
	{0xA9,0x02,0x00,0xB5,0x2C,0x2C,0x00,0x01,0x00,0x87,0x00,0x02,0x25,0x3F,0x61},
	{0xA9,0x02,0x00,0xB5,0x2C,0x2C,0x00,0x01,0x00,0x87,0x00,0x02,0x25,0x3F,0x71},
	{0xA9,0x02,0x00,0xB5,0x2C,0x2C,0x00,0x01,0x00,0x87,0x00,0x02,0x25,0x3F,0x81},
	{0xA9,0x02,0x00,0xB5,0x2C,0x2C,0x00,0x01,0x00,0x87,0x00,0x02,0x25,0x3F,0x91},
	{0xA9,0x02,0x00,0xB5,0x2C,0x2C,0x00,0x01,0x00,0x87,0x00,0x02,0x25,0x3F,0xA1},
	{0xA9,0x02,0x00,0xB5,0x2C,0x2C,0x00,0x01,0x00,0x87,0x00,0x02,0x25,0x3F,0xC1},
	{0xA9,0x02,0x00,0xB5,0x2C,0x2C,0x00,0x01,0x00,0x87,0x00,0x02,0x25,0x3F,0xD1},
	{0xA9,0x02,0x00,0xB5,0x2C,0x2C,0x00,0x01,0x00,0x87,0x00,0x02,0x25,0x3F,0xC1},
	{0xA9,0x02,0x00,0xB5,0x2C,0x2C,0x00,0x01,0x00,0x87,0x00,0x02,0x25,0x3F,0xC1},
	{0xA9,0x02,0x00,0xB5,0x2C,0x2C,0x00,0x01,0x00,0x87,0x00,0x02,0x25,0x3F,0xE1},
	{0xA9,0x02,0x00,0xB5,0x2C,0x2C,0x00,0x01,0x00,0x87,0x00,0x02,0x25,0x20,0x00},
	{0xA9,0x02,0x00,0xB5,0x2C,0x2C,0x00,0x01,0x00,0x87,0x00,0x02,0x25,0x20,0x00},
	{0xA9,0x02,0x00,0xB5,0x2C,0x2C,0x00,0x01,0x00,0x87,0x00,0x02,0x25,0x20,0x10},
	{0xA9,0x02,0x00,0xB5,0x2C,0x2C,0x00,0x01,0x00,0x87,0x00,0x02,0x25,0x20,0x10},
	{0xA9,0x02,0x00,0xB5,0x2C,0x2C,0x00,0x01,0x00,0x87,0x00,0x02,0x25,0x20,0x20},
	{0xA9,0x02,0x00,0xB5,0x2C,0x2C,0x00,0x01,0x00,0x87,0x00,0x02,0x25,0x20,0x20},
	{0xA9,0x02,0x00,0xB5,0x2C,0x2C,0x00,0x01,0x00,0x87,0x00,0x02,0x25,0x20,0x30},
	{0xA9,0x02,0x00,0xB5,0x2C,0x2C,0x00,0x01,0x00,0x87,0x00,0x02,0x25,0x20,0x30},
	{0xA9,0x02,0x00,0xB5,0x2C,0x2C,0x00,0x01,0x00,0x87,0x00,0x02,0x25,0x20,0x40},
	{0xA9,0x02,0x00,0xB5,0x2C,0x2C,0x00,0x01,0x00,0x87,0x00,0x02,0x25,0x20,0x40},
	{0xA9,0x02,0x00,0xB5,0x2C,0x2C,0x00,0x01,0x00,0x87,0x00,0x02,0x25,0x20,0x50},
	{0xA9,0x02,0x00,0xB5,0x2C,0x2C,0x00,0x01,0x00,0x87,0x00,0x02,0x25,0x20,0x60},
	{0xA9,0x02,0x00,0xB5,0x2C,0x2C,0x00,0x01,0x00,0x87,0x00,0x02,0x25,0x20,0x60},
	{0xA9,0x02,0x00,0xB5,0x2C,0x2C,0x00,0x01,0x00,0x87,0x00,0x02,0x25,0x20,0x70},
	{0xA9,0x02,0x00,0xB5,0x2C,0x2C,0x00,0x01,0x00,0x87,0x00,0x02,0x25,0x20,0x70},
	{0xA9,0x02,0x00,0xB5,0x2C,0x2C,0x00,0x01,0x00,0x87,0x00,0x02,0x25,0x20,0x80},
	{0xA9,0x02,0x00,0xB5,0x2C,0x2C,0x00,0x01,0x00,0x87,0x00,0x02,0x25,0x20,0x90},
	{0xA9,0x02,0x00,0xB5,0x2C,0x2C,0x00,0x01,0x00,0x87,0x00,0x02,0x25,0x20,0x90},
	{0xA9,0x02,0x00,0xB5,0x2C,0x2C,0x00,0x01,0x00,0x87,0x00,0x02,0x25,0x20,0xA0},
	{0xA9,0x02,0x00,0xB5,0x2C,0x2C,0x00,0x01,0x00,0x87,0x00,0x02,0x25,0x20,0xA0},
	{0xA9,0x02,0x00,0xB5,0x2C,0x2C,0x00,0x01,0x00,0x87,0x00,0x02,0x25,0x20,0xA0},
	{0xA9,0x02,0x00,0xB5,0x2C,0x2C,0x00,0x01,0x00,0x87,0x00,0x02,0x25,0x20,0xB0},
	{0xA9,0x02,0x00,0xB5,0x2C,0x2C,0x00,0x01,0x00,0x87,0x00,0x02,0x25,0x20,0xC0},
	{0xA9,0x02,0x00,0xB5,0x2C,0x2C,0x00,0x01,0x00,0x87,0x00,0x02,0x25,0x20,0xC0},
	{0xA9,0x02,0x00,0xB5,0x2C,0x2C,0x00,0x01,0x00,0x87,0x00,0x02,0x25,0x20,0xD0},
	{0xA9,0x02,0x00,0xB5,0x2C,0x2C,0x00,0x01,0x00,0x87,0x00,0x02,0x25,0x20,0xD0},
	{0xA9,0x02,0x00,0xB5,0x2C,0x2C,0x00,0x01,0x00,0x87,0x00,0x02,0x25,0x20,0xE0},
	{0xA9,0x02,0x00,0xB5,0x2C,0x2C,0x00,0x01,0x00,0x87,0x00,0x02,0x25,0x20,0xE0},
	{0xA9,0x02,0x00,0xB5,0x2C,0x2C,0x00,0x01,0x00,0x87,0x00,0x02,0x25,0x20,0xF0},
	{0xA9,0x02,0x00,0xB5,0x2C,0x2C,0x00,0x01,0x00,0x87,0x00,0x02,0x25,0x20,0xE0},
	{0xA9,0x02,0x00,0xB5,0x2C,0x2C,0x00,0x01,0x00,0x87,0x00,0x02,0x25,0x20,0xF0},
	{0xA9,0x02,0x00,0xB5,0x2C,0x2C,0x00,0x01,0x00,0x87,0x00,0x02,0x25,0x21,0x00},
	{0xA9,0x02,0x00,0xB5,0x2C,0x2C,0x00,0x01,0x00,0x87,0x00,0x02,0x25,0x21,0x00},
	{0xA9,0x02,0x00,0xB5,0x2C,0x2C,0x00,0x01,0x00,0x87,0x00,0x02,0x25,0x21,0x10},
	{0xA9,0x02,0x00,0xB5,0x2C,0x2C,0x00,0x01,0x00,0x87,0x00,0x02,0x25,0x21,0x10},
	{0xA9,0x02,0x00,0xB5,0x2C,0x2C,0x00,0x01,0x00,0x87,0x00,0x02,0x25,0x21,0x30},
	{0xA9,0x02,0x00,0xB5,0x2C,0x2C,0x00,0x01,0x00,0x87,0x00,0x02,0x25,0x21,0x30},
	{0xA9,0x02,0x00,0xB5,0x2C,0x2C,0x00,0x01,0x00,0x87,0x00,0x02,0x25,0x21,0x40},
	{0xA9,0x02,0x00,0xB5,0x2C,0x2C,0x00,0x01,0x00,0x87,0x00,0x02,0x25,0x21,0x40},
	{0xA9,0x02,0x00,0xB5,0x2C,0x2C,0x00,0x01,0x00,0x87,0x00,0x02,0x25,0x21,0x50},
	{0xA9,0x02,0x00,0xB5,0x2C,0x2C,0x00,0x01,0x00,0x87,0x00,0x02,0x25,0x21,0x50},
	{0xA9,0x02,0x00,0xB5,0x2C,0x2C,0x00,0x01,0x00,0x87,0x00,0x02,0x25,0x21,0x60},
	{0xA9,0x02,0x00,0xB5,0x2C,0x2C,0x00,0x01,0x00,0x87,0x00,0x02,0x25,0x21,0x60},
	{0xA9,0x02,0x00,0xB5,0x2C,0x2C,0x00,0x01,0x00,0x87,0x00,0x02,0x25,0x21,0x70},
	{0xA9,0x02,0x00,0xB5,0x2C,0x2C,0x00,0x01,0x00,0x87,0x00,0x02,0x25,0x21,0x80},
	{0xA9,0x02,0x00,0xB5,0x2C,0x2C,0x00,0x01,0x00,0x87,0x00,0x02,0x25,0x21,0x70},
	{0xA9,0x02,0x00,0xB5,0x2C,0x2C,0x00,0x01,0x00,0x87,0x00,0x02,0x25,0x21,0x80},
	{0xA9,0x02,0x00,0xB5,0x2C,0x2C,0x00,0x01,0x00,0x87,0x00,0x02,0x25,0x21,0xA0},
	{0xA9,0x02,0x00,0xB5,0x2C,0x2C,0x00,0x01,0x00,0x87,0x00,0x02,0x25,0x21,0xA0},
	{0xA9,0x02,0x00,0xB5,0x2C,0x2C,0x00,0x01,0x00,0x87,0x00,0x02,0x25,0x21,0xA0},
	{0xA9,0x02,0x00,0xB5,0x2C,0x2C,0x00,0x01,0x00,0x87,0x00,0x02,0x25,0x21,0xB0},
	{0xA9,0x02,0x00,0xB5,0x2C,0x2C,0x00,0x01,0x00,0x87,0x00,0x02,0x25,0x21,0xC0},
	{0xA9,0x02,0x00,0xB5,0x2C,0x2C,0x00,0x01,0x00,0x87,0x00,0x02,0x25,0x21,0xC0},
	{0xA9,0x02,0x00,0xB5,0x2C,0x2C,0x00,0x01,0x00,0x87,0x00,0x02,0x25,0x21,0xD0},
	{0xA9,0x02,0x00,0xB5,0x2C,0x2C,0x00,0x01,0x00,0x87,0x00,0x02,0x25,0x21,0xD0},
	{0xA9,0x02,0x00,0xB5,0x2C,0x2C,0x00,0x01,0x00,0x87,0x00,0x02,0x25,0x21,0xE0},
	{0xA9,0x02,0x00,0xB5,0x2C,0x2C,0x00,0x01,0x00,0x87,0x00,0x02,0x25,0x21,0xE0},
	{0xA9,0x02,0x00,0xB5,0x2C,0x2C,0x00,0x01,0x00,0x87,0x00,0x02,0x25,0x21,0xF0},
	{0xA9,0x02,0x00,0xB5,0x2C,0x2C,0x00,0x01,0x00,0x87,0x00,0x02,0x25,0x22,0x00},
	{0xA9,0x02,0x00,0xB5,0x2C,0x2C,0x00,0x01,0x00,0x87,0x00,0x02,0x25,0x22,0x00},
	{0xA9,0x02,0x00,0xB5,0x2C,0x2C,0x00,0x01,0x00,0x87,0x00,0x02,0x25,0x22,0x10},
	{0xA9,0x02,0x00,0xB5,0x2C,0x2C,0x00,0x01,0x00,0x87,0x00,0x02,0x25,0x22,0x10},
	{0xA9,0x02,0x00,0xB5,0x2C,0x2C,0x00,0x01,0x00,0x87,0x00,0x02,0x25,0x22,0x20},
	{0xA9,0x02,0x00,0xB5,0x2C,0x2C,0x00,0x01,0x00,0x87,0x00,0x02,0x25,0x22,0x20},
	{0xA9,0x02,0x00,0xB5,0x2C,0x2C,0x00,0x01,0x00,0x87,0x00,0x02,0x25,0x22,0x30},
	{0xA9,0x02,0x00,0xB5,0x2C,0x2C,0x00,0x01,0x00,0x87,0x00,0x02,0x25,0x22,0x40},
	{0xA9,0x02,0x00,0xB5,0x2C,0x2C,0x00,0x01,0x00,0x87,0x00,0x02,0x25,0x22,0x40},
	{0xA9,0x02,0x00,0xB5,0x2C,0x2C,0x00,0x01,0x00,0x87,0x00,0x02,0x25,0x22,0x40},
	{0xA9,0x02,0x00,0xB5,0x2C,0x2C,0x00,0x01,0x00,0x87,0x00,0x02,0x25,0x22,0x50},
	{0xA9,0x02,0x00,0xB5,0x2C,0x2C,0x00,0x01,0x00,0x87,0x00,0x02,0x25,0x22,0x60},
	{0xA9,0x02,0x00,0xB5,0x2C,0x2C,0x00,0x01,0x00,0x87,0x00,0x02,0x25,0x22,0x60},
	{0xA9,0x02,0x00,0xB5,0x2C,0x2C,0x00,0x01,0x00,0x87,0x00,0x02,0x25,0x22,0x60},
	{0xA9,0x02,0x00,0xB5,0x2C,0x2C,0x00,0x01,0x00,0x87,0x00,0x02,0x25,0x22,0x70},
	{0xA9,0x02,0x00,0xB5,0x2C,0x2C,0x00,0x01,0x00,0x87,0x00,0x02,0x25,0x22,0x70},
	{0xA9,0x02,0x00,0xB5,0x2C,0x2C,0x00,0x01,0x00,0x87,0x00,0x02,0x25,0x22,0x90},
	{0xA9,0x02,0x00,0xB5,0x2C,0x2C,0x00,0x01,0x00,0x87,0x00,0x02,0x25,0x22,0x90},
	{0xA9,0x02,0x00,0xB5,0x2C,0x2C,0x00,0x01,0x00,0x87,0x00,0x02,0x25,0x22,0x90},
	{0xA9,0x02,0x00,0xB5,0x2C,0x2C,0x00,0x01,0x00,0x87,0x00,0x02,0x25,0x22,0x90},
	{0xA9,0x02,0x00,0xB5,0x2C,0x2C,0x00,0x01,0x00,0x87,0x00,0x02,0x25,0x22,0xA0},
	{0xA9,0x02,0x00,0xB5,0x2C,0x2C,0x00,0x01,0x00,0x87,0x00,0x02,0x25,0x22,0xA0},
	{0xA9,0x02,0x00,0xB5,0x2C,0x2C,0x00,0x01,0x00,0x87,0x00,0x02,0x25,0x22,0xA0},
	{0xA9,0x02,0x00,0xB5,0x2C,0x2C,0x00,0x01,0x00,0x87,0x00,0x02,0x25,0x22,0xB0},
	{0xA9,0x02,0x00,0xB5,0x2C,0x2C,0x00,0x01,0x00,0x87,0x00,0x02,0x25,0x22,0xC0},
	{0xA9,0x02,0x00,0xB5,0x2C,0x2C,0x00,0x01,0x00,0x87,0x00,0x02,0x25,0x22,0xE0},
	{0xA9,0x02,0x00,0xB5,0x2C,0x2C,0x00,0x01,0x00,0x87,0x00,0x02,0x25,0x22,0xE0},
	{0xA9,0x02,0x00,0xB5,0x2C,0x2C,0x00,0x01,0x00,0x87,0x00,0x02,0x25,0x22,0xD0},
	{0xA9,0x02,0x00,0xB5,0x2C,0x2C,0x00,0x01,0x00,0x87,0x00,0x02,0x25,0x22,0xE0},
	{0xA9,0x02,0x00,0xB5,0x2C,0x2C,0x00,0x01,0x00,0x87,0x00,0x02,0x25,0x22,0xF0},
	{0xA9,0x02,0x00,0xB5,0x2C,0x2C,0x00,0x01,0x00,0x87,0x00,0x02,0x25,0x22,0xF0},
	{0xA9,0x02,0x00,0xB5,0x2C,0x2C,0x00,0x01,0x00,0x87,0x00,0x02,0x25,0x22,0xF0},
	{0xA9,0x02,0x00,0xB5,0x2C,0x2C,0x00,0x01,0x00,0x87,0x00,0x02,0x25,0x23,0x00},
	{0xA9,0x02,0x00,0xB5,0x2C,0x2C,0x00,0x01,0x00,0x87,0x00,0x02,0x25,0x23,0x10},
	{0xA9,0x02,0x00,0xB5,0x2C,0x2C,0x00,0x01,0x00,0x87,0x00,0x02,0x25,0x23,0x20},
	{0xA9,0x02,0x00,0xB5,0x2C,0x2C,0x00,0x01,0x00,0x87,0x00,0x02,0x25,0x23,0x20},
	{0xA9,0x02,0x00,0xB5,0x2C,0x2C,0x00,0x01,0x00,0x87,0x00,0x02,0x25,0x23,0x30},
	{0xA9,0x02,0x00,0xB5,0x2C,0x2C,0x00,0x01,0x00,0x87,0x00,0x02,0x25,0x23,0x40},
	{0xA9,0x02,0x00,0xB5,0x2C,0x2C,0x00,0x01,0x00,0x87,0x00,0x02,0x25,0x23,0x50},
	{0xA9,0x02,0x00,0xB5,0x2C,0x2C,0x00,0x01,0x00,0x87,0x00,0x02,0x25,0x23,0x50},
	{0xA9,0x02,0x00,0xB5,0x2C,0x2C,0x00,0x01,0x00,0x87,0x00,0x02,0x25,0x23,0x60},
	{0xA9,0x02,0x00,0xB5,0x2C,0x2C,0x00,0x01,0x00,0x87,0x00,0x02,0x25,0x23,0x70},
	{0xA9,0x02,0x00,0xB5,0x2C,0x2C,0x00,0x01,0x00,0x87,0x00,0x02,0x25,0x23,0x70},
	{0xA9,0x02,0x00,0xB5,0x2C,0x2C,0x00,0x01,0x00,0x87,0x00,0x02,0x25,0x23,0x80},
	{0xA9,0x02,0x00,0xB5,0x2C,0x2C,0x00,0x01,0x00,0x87,0x00,0x02,0x25,0x23,0x90},
	{0xA9,0x02,0x00,0xB5,0x2C,0x2C,0x00,0x01,0x00,0x87,0x00,0x02,0x25,0x23,0x90},
	{0xA9,0x02,0x00,0xB5,0x2C,0x2C,0x00,0x01,0x00,0x87,0x00,0x02,0x25,0x23,0xA0},
	{0xA9,0x02,0x00,0xB5,0x2C,0x2C,0x00,0x01,0x00,0x87,0x00,0x02,0x25,0x23,0xA0},
	{0xA9,0x02,0x00,0xB5,0x2C,0x2C,0x00,0x01,0x00,0x87,0x00,0x02,0x25,0x23,0xB0},
	{0xA9,0x02,0x00,0xB5,0x2C,0x2C,0x00,0x01,0x00,0x87,0x00,0x02,0x25,0x23,0xA0},
	{0xA9,0x02,0x00,0xB5,0x2C,0x2C,0x00,0x01,0x00,0x87,0x00,0x02,0x25,0x23,0xA0},
	{0xA9,0x02,0x00,0xB5,0x2C,0x2C,0x00,0x01,0x00,0x87,0x00,0x02,0x25,0x23,0xB0},
	{0xA9,0x02,0x00,0xB5,0x2C,0x2C,0x00,0x01,0x00,0x87,0x00,0x02,0x25,0x23,0xC0},
	{0xA9,0x02,0x00,0xB5,0x2C,0x2C,0x00,0x01,0x00,0x87,0x00,0x02,0x25,0x23,0xD0},
	{0xA9,0x02,0x00,0xB5,0x2C,0x2C,0x00,0x01,0x00,0x87,0x00,0x02,0x25,0x23,0xE0},
	{0xA9,0x02,0x00,0xB5,0x2C,0x2C,0x00,0x01,0x00,0x87,0x00,0x02,0x25,0x23,0xE0},
	{0xA9,0x02,0x00,0xB5,0x2C,0x2C,0x00,0x01,0x00,0x87,0x00,0x02,0x25,0x23,0xF0},
	{0xA9,0x02,0x00,0xB5,0x2C,0x2C,0x00,0x01,0x00,0x87,0x00,0x02,0x25,0x24,0x00},
	{0xA9,0x02,0x00,0xB5,0x2C,0x2C,0x00,0x01,0x00,0x87,0x00,0x02,0x25,0x24,0x10},
	{0xA9,0x02,0x00,0xB5,0x2C,0x2C,0x00,0x01,0x00,0x87,0x00,0x02,0x25,0x24,0x10},
	{0xA9,0x02,0x00,0xB5,0x2C,0x2C,0x00,0x01,0x00,0x87,0x00,0x02,0x25,0x24,0x20},
	{0xA9,0x02,0x00,0xB5,0x2C,0x2C,0x00,0x01,0x00,0x87,0x00,0x02,0x25,0x24,0x20},
	{0xA9,0x02,0x00,0xB5,0x2C,0x2C,0x00,0x01,0x00,0x87,0x00,0x02,0x25,0x24,0x20},
	{0xA9,0x02,0x00,0xB5,0x2C,0x2C,0x00,0x01,0x00,0x87,0x00,0x02,0x25,0x24,0x20},
	{0xA9,0x02,0x00,0xB5,0x2C,0x2C,0x00,0x01,0x00,0x87,0x00,0x02,0x25,0x24,0x30},
	{0xA9,0x02,0x00,0xB5,0x2C,0x2C,0x00,0x01,0x00,0x87,0x00,0x02,0x25,0x24,0x40},
	{0xA9,0x02,0x00,0xB5,0x2C,0x2C,0x00,0x01,0x00,0x87,0x00,0x02,0x25,0x24,0x40},
	{0xA9,0x02,0x00,0xB5,0x2C,0x2C,0x00,0x01,0x00,0x87,0x00,0x02,0x25,0x24,0x50},
	{0xA9,0x02,0x00,0xB5,0x2C,0x2C,0x00,0x01,0x00,0x87,0x00,0x02,0x25,0x24,0x50},
	{0xA9,0x02,0x00,0xB5,0x2C,0x2C,0x00,0x01,0x00,0x87,0x00,0x02,0x25,0x24,0x60},
	{0xA9,0x02,0x00,0xB5,0x2C,0x2C,0x00,0x01,0x00,0x87,0x00,0x02,0x25,0x24,0x60},
	{0xA9,0x02,0x00,0xB5,0x2C,0x2C,0x00,0x01,0x00,0x87,0x00,0x02,0x25,0x24,0x70},
	{0xA9,0x02,0x00,0xB5,0x2C,0x2C,0x00,0x01,0x00,0x87,0x00,0x02,0x25,0x24,0x70},
	{0xA9,0x02,0x00,0xB5,0x2C,0x2C,0x00,0x01,0x00,0x87,0x00,0x02,0x25,0x24,0x80},
	{0xA9,0x02,0x00,0xB5,0x2C,0x2C,0x00,0x01,0x00,0x87,0x00,0x02,0x25,0x24,0x90},
	{0xA9,0x02,0x00,0xB5,0x2C,0x2C,0x00,0x01,0x00,0x87,0x00,0x02,0x25,0x24,0x90},
	{0xA9,0x02,0x00,0xB5,0x2C,0x2C,0x00,0x01,0x00,0x87,0x00,0x02,0x25,0x24,0xA0},
	{0xA9,0x02,0x00,0xB5,0x2C,0x2C,0x00,0x01,0x00,0x87,0x00,0x02,0x25,0x24,0xB0},
	{0xA9,0x02,0x00,0xB5,0x2C,0x2C,0x00,0x01,0x00,0x87,0x00,0x02,0x25,0x24,0xB0},
	{0xA9,0x02,0x00,0xB5,0x2C,0x2C,0x00,0x01,0x00,0x87,0x00,0x02,0x25,0x24,0xC0},
	{0xA9,0x02,0x00,0xB5,0x2C,0x2C,0x00,0x01,0x00,0x87,0x00,0x02,0x25,0x24,0xC0},
	{0xA9,0x02,0x00,0xB5,0x2C,0x2C,0x00,0x01,0x00,0x87,0x00,0x02,0x25,0x24,0xD0},
	{0xA9,0x02,0x00,0xB5,0x2C,0x2C,0x00,0x01,0x00,0x87,0x00,0x02,0x25,0x24,0xD0},
	{0xA9,0x02,0x00,0xB5,0x2C,0x2C,0x00,0x01,0x00,0x87,0x00,0x02,0x25,0x24,0xE0},
	{0xA9,0x02,0x00,0xB5,0x2C,0x2C,0x00,0x01,0x00,0x87,0x00,0x02,0x25,0x24,0xF0},
	{0xA9,0x02,0x00,0xB5,0x2C,0x2C,0x00,0x01,0x00,0x87,0x00,0x02,0x25,0x25,0x00},
	{0xA9,0x02,0x00,0xB5,0x2C,0x2C,0x00,0x01,0x00,0x87,0x00,0x02,0x25,0x25,0x10},
	{0xA9,0x02,0x00,0xB5,0x2C,0x2C,0x00,0x01,0x00,0x87,0x00,0x02,0x25,0x25,0x10},
	{0xA9,0x02,0x00,0xB5,0x2C,0x2C,0x00,0x01,0x00,0x87,0x00,0x02,0x25,0x25,0x10},
	{0xA9,0x02,0x00,0xB5,0x2C,0x2C,0x00,0x01,0x00,0x87,0x00,0x02,0x25,0x25,0x10},
	{0xA9,0x02,0x00,0xB5,0x2C,0x2C,0x00,0x01,0x00,0x87,0x00,0x02,0x25,0x25,0x20},
	{0xA9,0x02,0x00,0xB5,0x2C,0x2C,0x00,0x01,0x00,0x87,0x00,0x02,0x25,0x25,0x30},
	{0xA9,0x02,0x00,0xB5,0x2C,0x2C,0x00,0x01,0x00,0x87,0x00,0x02,0x25,0x25,0x30},
	{0xA9,0x02,0x00,0xB5,0x2C,0x2C,0x00,0x01,0x00,0x87,0x00,0x02,0x25,0x25,0x40},
	{0xA9,0x02,0x00,0xB5,0x2C,0x2C,0x00,0x01,0x00,0x87,0x00,0x02,0x25,0x25,0x40},
	{0xA9,0x02,0x00,0xB5,0x2C,0x2C,0x00,0x01,0x00,0x87,0x00,0x02,0x25,0x25,0x40},
	{0xA9,0x02,0x00,0xB5,0x2C,0x2C,0x00,0x01,0x00,0x87,0x00,0x02,0x25,0x25,0x50},
	{0xA9,0x02,0x00,0xB5,0x2C,0x2C,0x00,0x01,0x00,0x87,0x00,0x02,0x25,0x25,0x50},
	{0xA9,0x02,0x00,0xB5,0x2C,0x2C,0x00,0x01,0x00,0x87,0x00,0x02,0x25,0x25,0x50},
	{0xA9,0x02,0x00,0xB5,0x2C,0x2C,0x00,0x01,0x00,0x87,0x00,0x02,0x25,0x25,0x70},
	{0xA9,0x02,0x00,0xB5,0x2C,0x2C,0x00,0x01,0x00,0x87,0x00,0x02,0x25,0x25,0x50},
	{0xA9,0x02,0x00,0xB5,0x2C,0x2C,0x00,0x01,0x00,0x87,0x00,0x02,0x25,0x25,0x60},
	{0xA9,0x02,0x00,0xB5,0x2C,0x2C,0x00,0x01,0x00,0x87,0x00,0x02,0x25,0x25,0x70},
	{0xA9,0x02,0x00,0xB5,0x2C,0x2C,0x00,0x01,0x00,0x87,0x00,0x02,0x25,0x25,0x70},
	{0xA9,0x02,0x00,0xB5,0x2C,0x2C,0x00,0x01,0x00,0x87,0x00,0x02,0x25,0x25,0x80},
	{0xA9,0x02,0x00,0xB5,0x2C,0x2C,0x00,0x01,0x00,0x87,0x00,0x02,0x25,0x25,0x80},
	{0xA9,0x02,0x00,0xB5,0x2C,0x2C,0x00,0x01,0x00,0x87,0x00,0x02,0x25,0x25,0x90},
	{0xA9,0x02,0x00,0xB5,0x2C,0x2C,0x00,0x01,0x00,0x87,0x00,0x02,0x25,0x25,0x90},
	{0xA9,0x02,0x00,0xB5,0x2C,0x2C,0x00,0x01,0x00,0x87,0x00,0x02,0x25,0x25,0xA0},
	{0xA9,0x02,0x00,0xB5,0x2C,0x2C,0x00,0x01,0x00,0x87,0x00,0x02,0x25,0x25,0xA0},
	{0xA9,0x02,0x00,0xB5,0x2C,0x2C,0x00,0x01,0x00,0x87,0x00,0x02,0x25,0x25,0xB0},
	{0xA9,0x02,0x00,0xB5,0x2C,0x2C,0x00,0x01,0x00,0x87,0x00,0x02,0x25,0x25,0xC0},
	{0xA9,0x02,0x00,0xB5,0x2C,0x2C,0x00,0x01,0x00,0x87,0x00,0x02,0x25,0x25,0xC0},
	{0xA9,0x02,0x00,0xB5,0x2C,0x2C,0x00,0x01,0x00,0x87,0x00,0x02,0x25,0x25,0xD0},
	{0xA9,0x02,0x00,0xB5,0x2C,0x2C,0x00,0x01,0x00,0x87,0x00,0x02,0x25,0x25,0xD0},
	{0xA9,0x02,0x00,0xB5,0x2C,0x2C,0x00,0x01,0x00,0x87,0x00,0x02,0x25,0x25,0xE0},
	{0xA9,0x02,0x00,0xB5,0x2C,0x2C,0x00,0x01,0x00,0x87,0x00,0x02,0x25,0x25,0xE0},
	{0xA9,0x02,0x00,0xB5,0x2C,0x2C,0x00,0x01,0x00,0x87,0x00,0x02,0x25,0x25,0xF0},
	{0xA9,0x02,0x00,0xB5,0x2C,0x2C,0x00,0x01,0x00,0x87,0x00,0x02,0x25,0x25,0xF0},
	{0xA9,0x02,0x00,0xB5,0x2C,0x2C,0x00,0x01,0x00,0x87,0x00,0x02,0x25,0x25,0xE0},
	{0xA9,0x02,0x00,0xB5,0x2C,0x2C,0x00,0x01,0x00,0x87,0x00,0x02,0x25,0x25,0xF0},
	{0xA9,0x02,0x00,0xB5,0x2C,0x2C,0x00,0x01,0x00,0x87,0x00,0x02,0x25,0x26,0x00},
	{0xA9,0x02,0x00,0xB5,0x2C,0x2C,0x00,0x01,0x00,0x87,0x00,0x02,0x25,0x26,0x00},
	{0xA9,0x02,0x00,0xB5,0x2C,0x2C,0x00,0x01,0x00,0x87,0x00,0x02,0x25,0x26,0x00},
	{0xA9,0x02,0x00,0xB5,0x2C,0x2C,0x00,0x01,0x00,0x87,0x00,0x02,0x25,0x26,0x10},
	{0xA9,0x02,0x00,0xB5,0x2C,0x2C,0x00,0x01,0x00,0x87,0x00,0x02,0x25,0x26,0x10},
	{0xA9,0x02,0x00,0xB5,0x2C,0x2C,0x00,0x01,0x00,0x87,0x00,0x02,0x25,0x26,0x20},
	{0xA9,0x02,0x00,0xB5,0x2C,0x2C,0x00,0x01,0x00,0x87,0x00,0x02,0x25,0x26,0x20},
	{0xA9,0x02,0x00,0xB5,0x2C,0x2C,0x00,0x01,0x00,0x87,0x00,0x02,0x25,0x26,0x40},
	{0xA9,0x02,0x00,0xB5,0x2C,0x2C,0x00,0x01,0x00,0x87,0x00,0x02,0x25,0x26,0x40},
	{0xA9,0x02,0x00,0xB5,0x2C,0x2C,0x00,0x01,0x00,0x87,0x00,0x02,0x25,0x26,0x50},
	{0xA9,0x02,0x00,0xB5,0x2C,0x2C,0x00,0x01,0x00,0x87,0x00,0x02,0x25,0x26,0x40},
	{0xA9,0x02,0x00,0xB5,0x2C,0x2C,0x00,0x01,0x00,0x87,0x00,0x02,0x25,0x26,0x50},
	{0xA9,0x02,0x00,0xB5,0x2C,0x2C,0x00,0x01,0x00,0x87,0x00,0x02,0x25,0x26,0x50},
	{0xA9,0x02,0x00,0xB5,0x2C,0x2C,0x00,0x01,0x00,0x87,0x00,0x02,0x25,0x26,0x50},
	{0xA9,0x02,0x00,0xB5,0x2C,0x2C,0x00,0x01,0x00,0x87,0x00,0x02,0x25,0x26,0x60},
	{0xA9,0x02,0x00,0xB5,0x2C,0x2C,0x00,0x01,0x00,0x87,0x00,0x02,0x25,0x26,0x70},
	{0xA9,0x02,0x00,0xB5,0x2C,0x2C,0x00,0x01,0x00,0x87,0x00,0x02,0x25,0x26,0x70},
	{0xA9,0x02,0x00,0xB5,0x2C,0x2C,0x00,0x01,0x00,0x87,0x00,0x02,0x25,0x26,0x80},
	{0xA9,0x02,0x00,0xB5,0x2C,0x2C,0x00,0x01,0x00,0x87,0x00,0x02,0x25,0x26,0x80},
	{0xA9,0x02,0x00,0xB5,0x2C,0x2C,0x00,0x01,0x00,0x87,0x00,0x02,0x25,0x26,0x90},
	{0xA9,0x02,0x00,0xB5,0x2C,0x2C,0x00,0x01,0x00,0x87,0x00,0x02,0x25,0x26,0x90},
	{0xA9,0x02,0x00,0xB5,0x2C,0x2C,0x00,0x01,0x00,0x87,0x00,0x02,0x25,0x26,0xA0},
	{0xA9,0x02,0x00,0xB5,0x2C,0x2C,0x00,0x01,0x00,0x87,0x00,0x02,0x25,0x26,0xA0},
	{0xA9,0x02,0x00,0xB5,0x2C,0x2C,0x00,0x01,0x00,0x87,0x00,0x02,0x25,0x26,0xA0},
	{0xA9,0x02,0x00,0xB5,0x2C,0x2C,0x00,0x01,0x00,0x87,0x00,0x02,0x25,0x26,0xB0},
	{0xA9,0x02,0x00,0xB5,0x2C,0x2C,0x00,0x01,0x00,0x87,0x00,0x02,0x25,0x26,0xB0},
	{0xA9,0x02,0x00,0xB5,0x2C,0x2C,0x00,0x01,0x00,0x87,0x00,0x02,0x25,0x26,0xB0},
	{0xA9,0x02,0x00,0xB5,0x2C,0x2C,0x00,0x01,0x00,0x87,0x00,0x02,0x25,0x26,0xC0},
	{0xA9,0x02,0x00,0xB5,0x2C,0x2C,0x00,0x01,0x00,0x87,0x00,0x02,0x25,0x26,0xC0},
	{0xA9,0x02,0x00,0xB5,0x2C,0x2C,0x00,0x01,0x00,0x87,0x00,0x02,0x25,0x26,0xD0},
	{0xA9,0x02,0x00,0xB5,0x2C,0x2C,0x00,0x01,0x00,0x87,0x00,0x02,0x25,0x26,0xE0},
	{0xA9,0x02,0x00,0xB5,0x2C,0x2C,0x00,0x01,0x00,0x87,0x00,0x02,0x25,0x26,0xE0},
	{0xA9,0x02,0x00,0xB5,0x2C,0x2C,0x00,0x01,0x00,0x87,0x00,0x02,0x25,0x26,0xF0},
	{0xA9,0x02,0x00,0xB5,0x2C,0x2C,0x00,0x01,0x00,0x87,0x00,0x02,0x25,0x26,0xF0},
	{0xA9,0x02,0x00,0xB5,0x2C,0x2C,0x00,0x01,0x00,0x87,0x00,0x02,0x25,0x27,0x00},
	{0xA9,0x02,0x00,0xB5,0x2C,0x2C,0x00,0x01,0x00,0x87,0x00,0x02,0x25,0x27,0x10},
	{0xA9,0x02,0x00,0xB5,0x2C,0x2C,0x00,0x01,0x00,0x87,0x00,0x02,0x25,0x27,0x10},
	{0xA9,0x02,0x00,0xB5,0x2C,0x2C,0x00,0x01,0x00,0x87,0x00,0x02,0x25,0x27,0x10},
	{0xA9,0x02,0x00,0xB5,0x2C,0x2C,0x00,0x01,0x00,0x87,0x00,0x02,0x25,0x27,0x20},
	{0xA9,0x02,0x00,0xB5,0x2C,0x2C,0x00,0x01,0x00,0x87,0x00,0x02,0x25,0x27,0x20},
	{0xA9,0x02,0x00,0xB5,0x2C,0x2C,0x00,0x01,0x00,0x87,0x00,0x02,0x25,0x27,0x20},
	{0xA9,0x02,0x00,0xB5,0x2C,0x2C,0x00,0x01,0x00,0x87,0x00,0x02,0x25,0x27,0x30},
	{0xA9,0x02,0x00,0xB5,0x2C,0x2C,0x00,0x01,0x00,0x87,0x00,0x02,0x25,0x27,0x40},
	{0xA9,0x02,0x00,0xB5,0x2C,0x2C,0x00,0x01,0x00,0x87,0x00,0x02,0x25,0x27,0x40},
	{0xA9,0x02,0x00,0xB5,0x2C,0x2C,0x00,0x01,0x00,0x87,0x00,0x02,0x25,0x27,0x40},
	{0xA9,0x02,0x00,0xB5,0x2C,0x2C,0x00,0x01,0x00,0x87,0x00,0x02,0x25,0x27,0x60},
	{0xA9,0x02,0x00,0xB5,0x2C,0x2C,0x00,0x01,0x00,0x87,0x00,0x02,0x25,0x27,0x60},
	{0xA9,0x02,0x00,0xB5,0x2C,0x2C,0x00,0x01,0x00,0x87,0x00,0x02,0x25,0x27,0x60},
	{0xA9,0x02,0x00,0xB5,0x2C,0x2C,0x00,0x01,0x00,0x87,0x00,0x02,0x25,0x27,0x60},
	{0xA9,0x02,0x00,0xB5,0x2C,0x2C,0x00,0x01,0x00,0x87,0x00,0x02,0x25,0x27,0x70},
	{0xA9,0x02,0x00,0xB5,0x2C,0x2C,0x00,0x01,0x00,0x87,0x00,0x02,0x25,0x27,0x70},
	{0xA9,0x02,0x00,0xB5,0x2C,0x2C,0x00,0x01,0x00,0x87,0x00,0x02,0x25,0x27,0x80},
	{0xA9,0x02,0x00,0xB5,0x2C,0x2C,0x00,0x01,0x00,0x87,0x00,0x02,0x25,0x27,0x80},
	{0xA9,0x02,0x00,0xB5,0x2C,0x2C,0x00,0x01,0x00,0x87,0x00,0x02,0x25,0x27,0x80},
	{0xA9,0x02,0x00,0xB5,0x2C,0x2C,0x00,0x01,0x00,0x87,0x00,0x02,0x25,0x27,0x90},
	{0xA9,0x02,0x00,0xB5,0x2C,0x2C,0x00,0x01,0x00,0x87,0x00,0x02,0x25,0x27,0xA0},
	{0xA9,0x02,0x00,0xB5,0x2C,0x2C,0x00,0x01,0x00,0x87,0x00,0x02,0x25,0x27,0xA0},
	{0xA9,0x02,0x00,0xB5,0x2C,0x2C,0x00,0x01,0x00,0x87,0x00,0x02,0x25,0x27,0xB0},
	{0xA9,0x02,0x00,0xB5,0x2C,0x2C,0x00,0x01,0x00,0x87,0x00,0x02,0x25,0x27,0xC0},
	{0xA9,0x02,0x00,0xB5,0x2C,0x2C,0x00,0x01,0x00,0x87,0x00,0x02,0x25,0x27,0xC0},
	{0xA9,0x02,0x00,0xB5,0x2C,0x2C,0x00,0x01,0x00,0x87,0x00,0x02,0x25,0x27,0xC0},
	{0xA9,0x02,0x00,0xB5,0x2C,0x2C,0x00,0x01,0x00,0x87,0x00,0x02,0x25,0x27,0xD0},
	{0xA9,0x02,0x00,0xB5,0x2C,0x2C,0x00,0x01,0x00,0x87,0x00,0x02,0x25,0x27,0xD0},
	{0xA9,0x02,0x00,0xB5,0x2C,0x2C,0x00,0x01,0x00,0x87,0x00,0x02,0x25,0x27,0xE0},
	{0xA9,0x02,0x00,0xB5,0x2C,0x2C,0x00,0x01,0x00,0x87,0x00,0x02,0x25,0x27,0xD0},
	{0xA9,0x02,0x00,0xB5,0x2C,0x2C,0x00,0x01,0x00,0x87,0x00,0x02,0x25,0x27,0xE0},
	{0xA9,0x02,0x00,0xB5,0x2C,0x2C,0x00,0x01,0x00,0x87,0x00,0x02,0x25,0x27,0xF0},
	{0xA9,0x02,0x00,0xB5,0x2C,0x2C,0x00,0x01,0x00,0x87,0x00,0x02,0x25,0x28,0x00},
	{0xA9,0x02,0x00,0xB5,0x2C,0x2C,0x00,0x01,0x00,0x87,0x00,0x02,0x25,0x28,0x00},
	{0xA9,0x02,0x00,0xB5,0x2C,0x2C,0x00,0x01,0x00,0x87,0x00,0x02,0x25,0x28,0x00},
	{0xA9,0x02,0x00,0xB5,0x2C,0x2C,0x00,0x01,0x00,0x87,0x00,0x02,0x25,0x28,0x10},
	{0xA9,0x02,0x00,0xB5,0x2C,0x2C,0x00,0x01,0x00,0x87,0x00,0x02,0x25,0x28,0x10},
	{0xA9,0x02,0x00,0xB5,0x2C,0x2C,0x00,0x01,0x00,0x87,0x00,0x02,0x25,0x28,0x20},
	{0xA9,0x02,0x00,0xB5,0x2C,0x2C,0x00,0x01,0x00,0x87,0x00,0x02,0x25,0x28,0x20},
	{0xA9,0x02,0x00,0xB5,0x2C,0x2C,0x00,0x01,0x00,0x87,0x00,0x02,0x25,0x28,0x30},
	{0xA9,0x02,0x00,0xB5,0x2C,0x2C,0x00,0x01,0x00,0x87,0x00,0x02,0x25,0x28,0x40},
	{0xA9,0x02,0x00,0xB5,0x2C,0x2C,0x00,0x01,0x00,0x87,0x00,0x02,0x25,0x28,0x40},
	{0xA9,0x02,0x00,0xB5,0x2C,0x2C,0x00,0x01,0x00,0x87,0x00,0x02,0x25,0x28,0x40},
	{0xA9,0x02,0x00,0xB5,0x2C,0x2C,0x00,0x01,0x00,0x87,0x00,0x02,0x25,0x28,0x50},
	{0xA9,0x02,0x00,0xB5,0x2C,0x2C,0x00,0x01,0x00,0x87,0x00,0x02,0x25,0x28,0x50},
	{0xA9,0x02,0x00,0xB5,0x2C,0x2C,0x00,0x01,0x00,0x87,0x00,0x02,0x25,0x28,0x60},
	{0xA9,0x02,0x00,0xB5,0x2C,0x2C,0x00,0x01,0x00,0x87,0x00,0x02,0x25,0x28,0x60},
	{0xA9,0x02,0x00,0xB5,0x2C,0x2C,0x00,0x01,0x00,0x87,0x00,0x02,0x25,0x28,0x70},
	{0xA9,0x02,0x00,0xB5,0x2C,0x2C,0x00,0x01,0x00,0x87,0x00,0x02,0x25,0x28,0x80},
	{0xA9,0x02,0x00,0xB5,0x2C,0x2C,0x00,0x01,0x00,0x87,0x00,0x02,0x25,0x28,0x80},
	{0xA9,0x02,0x00,0xB5,0x2C,0x2C,0x00,0x01,0x00,0x87,0x00,0x02,0x25,0x28,0x80},
	{0xA9,0x02,0x00,0xB5,0x2C,0x2C,0x00,0x01,0x00,0x87,0x00,0x02,0x25,0x28,0x90},
	{0xA9,0x02,0x00,0xB5,0x2C,0x2C,0x00,0x01,0x00,0x87,0x00,0x02,0x25,0x28,0x90},
	{0xA9,0x02,0x00,0xB5,0x2C,0x2C,0x00,0x01,0x00,0x87,0x00,0x02,0x25,0x28,0xA0},
	{0xA9,0x02,0x00,0xB5,0x2C,0x2C,0x00,0x01,0x00,0x87,0x00,0x02,0x25,0x28,0xB0},
	{0xA9,0x02,0x00,0xB5,0x2C,0x2C,0x00,0x01,0x00,0x87,0x00,0x02,0x25,0x28,0xB0},
	{0xA9,0x02,0x00,0xB5,0x2C,0x2C,0x00,0x01,0x00,0x87,0x00,0x02,0x25,0x28,0xB0},
	{0xA9,0x02,0x00,0xB5,0x2C,0x2C,0x00,0x01,0x00,0x87,0x00,0x02,0x25,0x28,0xC0},
	{0xA9,0x02,0x00,0xB5,0x2C,0x2C,0x00,0x01,0x00,0x87,0x00,0x02,0x25,0x28,0xC0},
	{0xA9,0x02,0x00,0xB5,0x2C,0x2C,0x00,0x01,0x00,0x87,0x00,0x02,0x25,0x28,0xC0},
	{0xA9,0x02,0x00,0xB5,0x2C,0x2C,0x00,0x01,0x00,0x87,0x00,0x02,0x25,0x28,0xD0},
	{0xA9,0x02,0x00,0xB5,0x2C,0x2C,0x00,0x01,0x00,0x87,0x00,0x02,0x25,0x28,0xD0},
	{0xA9,0x02,0x00,0xB5,0x2C,0x2C,0x00,0x01,0x00,0x87,0x00,0x02,0x25,0x28,0xD0},
	{0xA9,0x02,0x00,0xB5,0x2C,0x2C,0x00,0x01,0x00,0x87,0x00,0x02,0x25,0x28,0xE0},
	{0xA9,0x02,0x00,0xB5,0x2C,0x2C,0x00,0x01,0x00,0x87,0x00,0x02,0x25,0x28,0xF0},
	{0xA9,0x02,0x00,0xB5,0x2C,0x2C,0x00,0x01,0x00,0x87,0x00,0x02,0x25,0x29,0x00},
	{0xA9,0x02,0x00,0xB5,0x2C,0x2C,0x00,0x01,0x00,0x87,0x00,0x02,0x25,0x29,0x00},
	{0xA9,0x02,0x00,0xB5,0x2C,0x2C,0x00,0x01,0x00,0x87,0x00,0x02,0x25,0x29,0x10},
	{0xA9,0x02,0x00,0xB5,0x2C,0x2C,0x00,0x01,0x00,0x87,0x00,0x02,0x25,0x29,0x20},
	{0xA9,0x02,0x00,0xB5,0x2C,0x2C,0x00,0x01,0x00,0x87,0x00,0x02,0x25,0x29,0x20},
	{0xA9,0x02,0x00,0xB5,0x2C,0x2C,0x00,0x01,0x00,0x87,0x00,0x02,0x25,0x29,0x20},
	{0xA9,0x02,0x00,0xB5,0x2C,0x2C,0x00,0x01,0x00,0x87,0x00,0x02,0x25,0x29,0x30},
	{0xA9,0x02,0x00,0xB5,0x2C,0x2C,0x00,0x01,0x00,0x87,0x00,0x02,0x25,0x29,0x30},
	{0xA9,0x02,0x00,0xB5,0x2C,0x2C,0x00,0x01,0x00,0x87,0x00,0x02,0x25,0x29,0x40},
	{0xA9,0x02,0x00,0xB5,0x2C,0x2C,0x00,0x01,0x00,0x87,0x00,0x02,0x25,0x29,0x50},
	{0xA9,0x02,0x00,0xB5,0x2C,0x2C,0x00,0x01,0x00,0x87,0x00,0x02,0x25,0x29,0x50},
	{0xA9,0x02,0x00,0xB5,0x2C,0x2C,0x00,0x01,0x00,0x87,0x00,0x02,0x25,0x29,0x50},
	{0xA9,0x02,0x00,0xB5,0x2C,0x2C,0x00,0x01,0x00,0x87,0x00,0x02,0x25,0x29,0x50},
	{0xA9,0x02,0x00,0xB5,0x2C,0x2C,0x00,0x01,0x00,0x87,0x00,0x02,0x25,0x29,0x60},
	{0xA9,0x02,0x00,0xB5,0x2C,0x2C,0x00,0x01,0x00,0x87,0x00,0x02,0x25,0x29,0x60},
	{0xA9,0x02,0x00,0xB5,0x2C,0x2C,0x00,0x01,0x00,0x87,0x00,0x02,0x25,0x29,0x70},
	{0xA9,0x02,0x00,0xB5,0x2C,0x2C,0x00,0x01,0x00,0x87,0x00,0x02,0x25,0x29,0x70},
	{0xA9,0x02,0x00,0xB5,0x2C,0x2C,0x00,0x01,0x00,0x87,0x00,0x02,0x25,0x29,0x80},
	{0xA9,0x02,0x00,0xB5,0x2C,0x2C,0x00,0x01,0x00,0x87,0x00,0x02,0x25,0x29,0x90},
	{0xA9,0x02,0x00,0xB5,0x2C,0x2C,0x00,0x01,0x00,0x87,0x00,0x02,0x25,0x29,0x90},
	{0xA9,0x02,0x00,0xB5,0x2C,0x2C,0x00,0x01,0x00,0x87,0x00,0x02,0x25,0x29,0x90},
	{0xA9,0x02,0x00,0xB5,0x2C,0x2C,0x00,0x01,0x00,0x87,0x00,0x02,0x25,0x29,0xA0},
	{0xA9,0x02,0x00,0xB5,0x2C,0x2C,0x00,0x01,0x00,0x87,0x00,0x02,0x25,0x29,0xB0},
	{0xA9,0x02,0x00,0xB5,0x2C,0x2C,0x00,0x01,0x00,0x87,0x00,0x02,0x25,0x29,0xB0},
	{0xA9,0x02,0x00,0xB5,0x2C,0x2C,0x00,0x01,0x00,0x87,0x00,0x02,0x25,0x29,0xC0},
	{0xA9,0x02,0x00,0xB5,0x2C,0x2C,0x00,0x01,0x00,0x87,0x00,0x02,0x25,0x29,0xC0},
	{0xA9,0x02,0x00,0xB5,0x2C,0x2C,0x00,0x01,0x00,0x87,0x00,0x02,0x25,0x29,0xD0},
	{0xA9,0x02,0x00,0xB5,0x2C,0x2C,0x00,0x01,0x00,0x87,0x00,0x02,0x25,0x29,0xD0},
	{0xA9,0x02,0x00,0xB5,0x2C,0x2C,0x00,0x01,0x00,0x87,0x00,0x02,0x25,0x29,0xE0},
	{0xA9,0x02,0x00,0xB5,0x2C,0x2C,0x00,0x01,0x00,0x87,0x00,0x02,0x25,0x29,0xE0},
	{0xA9,0x02,0x00,0xB5,0x2C,0x2C,0x00,0x01,0x00,0x87,0x00,0x02,0x25,0x29,0xE0},
	{0xA9,0x02,0x00,0xB5,0x2C,0x2C,0x00,0x01,0x00,0x87,0x00,0x02,0x25,0x29,0xF0},
	{0xA9,0x02,0x00,0xB5,0x2C,0x2C,0x00,0x01,0x00,0x87,0x00,0x02,0x25,0x29,0xF0},
	{0xA9,0x02,0x00,0xB5,0x2C,0x2C,0x00,0x01,0x00,0x87,0x00,0x02,0x25,0x2A,0x00},
	{0xA9,0x02,0x00,0xB5,0x2C,0x2C,0x00,0x01,0x00,0x87,0x00,0x02,0x25,0x2A,0x10},
	{0xA9,0x02,0x00,0xB5,0x2C,0x2C,0x00,0x01,0x00,0x87,0x00,0x02,0x25,0x2A,0x10},
	{0xA9,0x02,0x00,0xB5,0x2C,0x2C,0x00,0x01,0x00,0x87,0x00,0x02,0x25,0x2A,0x00},
	{0xA9,0x02,0x00,0xB5,0x2C,0x2C,0x00,0x01,0x00,0x87,0x00,0x02,0x25,0x2A,0x10},
	{0xA9,0x02,0x00,0xB5,0x2C,0x2C,0x00,0x01,0x00,0x87,0x00,0x02,0x25,0x2A,0x20},
	{0xA9,0x02,0x00,0xB5,0x2C,0x2C,0x00,0x01,0x00,0x87,0x00,0x02,0x25,0x2A,0x20},
	{0xA9,0x02,0x00,0xB5,0x2C,0x2C,0x00,0x01,0x00,0x87,0x00,0x02,0x25,0x2A,0x30},
	{0xA9,0x02,0x00,0xB5,0x2C,0x2C,0x00,0x01,0x00,0x87,0x00,0x02,0x25,0x2A,0x30},
	{0xA9,0x02,0x00,0xB5,0x2C,0x2C,0x00,0x01,0x00,0x87,0x00,0x02,0x25,0x2A,0x40},
	{0xA9,0x02,0x00,0xB5,0x2C,0x2C,0x00,0x01,0x00,0x87,0x00,0x02,0x25,0x2A,0x40},
	{0xA9,0x02,0x00,0xB5,0x2C,0x2C,0x00,0x01,0x00,0x87,0x00,0x02,0x25,0x2A,0x40},
	{0xA9,0x02,0x00,0xB5,0x2C,0x2C,0x00,0x01,0x00,0x87,0x00,0x02,0x25,0x2A,0x50},
	{0xA9,0x02,0x00,0xB5,0x2C,0x2C,0x00,0x01,0x00,0x87,0x00,0x02,0x25,0x2A,0x60},
	{0xA9,0x02,0x00,0xB5,0x2C,0x2C,0x00,0x01,0x00,0x87,0x00,0x02,0x25,0x2A,0x60},
	{0xA9,0x02,0x00,0xB5,0x2C,0x2C,0x00,0x01,0x00,0x87,0x00,0x02,0x25,0x2A,0x70},
	{0xA9,0x02,0x00,0xB5,0x2C,0x2C,0x00,0x01,0x00,0x87,0x00,0x02,0x25,0x2A,0x80},
	{0xA9,0x02,0x00,0xB5,0x2C,0x2C,0x00,0x01,0x00,0x87,0x00,0x02,0x25,0x2A,0x80},
	{0xA9,0x02,0x00,0xB5,0x2C,0x2C,0x00,0x01,0x00,0x87,0x00,0x02,0x25,0x2A,0xA0},
	{0xA9,0x02,0x00,0xB5,0x2C,0x2C,0x00,0x01,0x00,0x87,0x00,0x02,0x25,0x2A,0xA0},
	{0xA9,0x02,0x00,0xB5,0x2C,0x2C,0x00,0x01,0x00,0x87,0x00,0x02,0x25,0x2A,0xA0},
	{0xA9,0x02,0x00,0xB5,0x2C,0x2C,0x00,0x01,0x00,0x87,0x00,0x02,0x25,0x2A,0xB0},
	{0xA9,0x02,0x00,0xB5,0x2C,0x2C,0x00,0x01,0x00,0x87,0x00,0x02,0x25,0x2A,0xB0},
	{0xA9,0x02,0x00,0xB5,0x2C,0x2C,0x00,0x01,0x00,0x87,0x00,0x02,0x25,0x2A,0xC0},
	{0xA9,0x02,0x00,0xB5,0x2C,0x2C,0x00,0x01,0x00,0x87,0x00,0x02,0x25,0x2A,0xB0},
	{0xA9,0x02,0x00,0xB5,0x2C,0x2C,0x00,0x01,0x00,0x87,0x00,0x02,0x25,0x2A,0xC0},
	{0xA9,0x02,0x00,0xB5,0x2C,0x2C,0x00,0x01,0x00,0x87,0x00,0x02,0x25,0x2A,0xC0},
	{0xA9,0x02,0x00,0xB5,0x2C,0x2C,0x00,0x01,0x00,0x87,0x00,0x02,0x25,0x2A,0xC0},
	{0xA9,0x02,0x00,0xB5,0x2C,0x2C,0x00,0x01,0x00,0x87,0x00,0x02,0x25,0x2A,0xD0},
	{0xA9,0x02,0x00,0xB5,0x2C,0x2C,0x00,0x01,0x00,0x87,0x00,0x02,0x25,0x2A,0xE0},
	{0xA9,0x02,0x00,0xB5,0x2C,0x2C,0x00,0x01,0x00,0x87,0x00,0x02,0x25,0x2A,0xE0},
	{0xA9,0x02,0x00,0xB5,0x2C,0x2C,0x00,0x01,0x00,0x87,0x00,0x02,0x25,0x2A,0xF0},
	{0xA9,0x02,0x00,0xB5,0x2C,0x2C,0x00,0x01,0x00,0x87,0x00,0x02,0x25,0x2A,0xF0},
	{0xA9,0x02,0x00,0xB5,0x2C,0x2C,0x00,0x01,0x00,0x87,0x00,0x02,0x25,0x2A,0xF0},
	{0xA9,0x02,0x00,0xB5,0x2C,0x2C,0x00,0x01,0x00,0x87,0x00,0x02,0x25,0x2B,0x00},
	{0xA9,0x02,0x00,0xB5,0x2C,0x2C,0x00,0x01,0x00,0x87,0x00,0x02,0x25,0x2B,0x10},
	{0xA9,0x02,0x00,0xB5,0x2C,0x2C,0x00,0x01,0x00,0x87,0x00,0x02,0x25,0x2B,0x10},
	{0xA9,0x02,0x00,0xB5,0x2C,0x2C,0x00,0x01,0x00,0x87,0x00,0x02,0x25,0x2B,0x10},
	{0xA9,0x02,0x00,0xB5,0x2C,0x2C,0x00,0x01,0x00,0x87,0x00,0x02,0x25,0x2B,0x30},
	{0xA9,0x02,0x00,0xB5,0x2C,0x2C,0x00,0x01,0x00,0x87,0x00,0x02,0x25,0x2B,0x40},
	{0xA9,0x02,0x00,0xB5,0x2C,0x2C,0x00,0x01,0x00,0x87,0x00,0x02,0x25,0x2B,0x40},
	{0xA9,0x02,0x00,0xB5,0x2C,0x2C,0x00,0x01,0x00,0x87,0x00,0x02,0x25,0x2B,0x50},
	{0xA9,0x02,0x00,0xB5,0x2C,0x2C,0x00,0x01,0x00,0x87,0x00,0x02,0x25,0x2B,0x50},
	{0xA9,0x02,0x00,0xB5,0x2C,0x2C,0x00,0x01,0x00,0x87,0x00,0x02,0x25,0x2B,0x50},
	{0xA9,0x02,0x00,0xB5,0x2C,0x2C,0x00,0x01,0x00,0x87,0x00,0x02,0x25,0x2B,0x50},
	{0xA9,0x02,0x00,0xB5,0x2C,0x2C,0x00,0x01,0x00,0x87,0x00,0x02,0x25,0x2B,0x50},
	{0xA9,0x02,0x00,0xB5,0x2C,0x2C,0x00,0x01,0x00,0x87,0x00,0x02,0x25,0x2B,0x50},
	{0xA9,0x02,0x00,0xB5,0x2C,0x2C,0x00,0x01,0x00,0x87,0x00,0x02,0x25,0x2B,0x60},
	{0xA9,0x02,0x00,0xB5,0x2C,0x2C,0x00,0x01,0x00,0x87,0x00,0x02,0x25,0x2B,0x70},
	{0xA9,0x02,0x00,0xB5,0x2C,0x2C,0x00,0x01,0x00,0x87,0x00,0x02,0x25,0x2B,0x70},
	{0xA9,0x02,0x00,0xB5,0x2C,0x2C,0x00,0x01,0x00,0x87,0x00,0x02,0x25,0x2B,0x80},
	{0xA9,0x02,0x00,0xB5,0x2C,0x2C,0x00,0x01,0x00,0x87,0x00,0x02,0x25,0x2B,0x80},
	{0xA9,0x02,0x00,0xB5,0x2C,0x2C,0x00,0x01,0x00,0x87,0x00,0x02,0x25,0x2B,0x80},
	{0xA9,0x02,0x00,0xB5,0x2C,0x2C,0x00,0x01,0x00,0x87,0x00,0x02,0x25,0x2B,0xA0},
	{0xA9,0x02,0x00,0xB5,0x2C,0x2C,0x00,0x01,0x00,0x87,0x00,0x02,0x25,0x2B,0xA0},
	{0xA9,0x02,0x00,0xB5,0x2C,0x2C,0x00,0x01,0x00,0x87,0x00,0x02,0x25,0x2B,0xA0},
	{0xA9,0x02,0x00,0xB5,0x2C,0x2C,0x00,0x01,0x00,0x87,0x00,0x02,0x25,0x2B,0xC0},
	{0xA9,0x02,0x00,0xB5,0x2C,0x2C,0x00,0x01,0x00,0x87,0x00,0x02,0x25,0x2B,0xB0},
	{0xA9,0x02,0x00,0xB5,0x2C,0x2C,0x00,0x01,0x00,0x87,0x00,0x02,0x25,0x2B,0xC0},
	{0xA9,0x02,0x00,0xB5,0x2C,0x2C,0x00,0x01,0x00,0x87,0x00,0x02,0x25,0x2B,0xD0},
	{0xA9,0x02,0x00,0xB5,0x2C,0x2C,0x00,0x01,0x00,0x87,0x00,0x02,0x25,0x2B,0xE0},
	{0xA9,0x02,0x00,0xB5,0x2C,0x2C,0x00,0x01,0x00,0x87,0x00,0x02,0x25,0x2B,0xE0},
	{0xA9,0x02,0x00,0xB5,0x2C,0x2C,0x00,0x01,0x00,0x87,0x00,0x02,0x25,0x2B,0xE0},
	{0xA9,0x02,0x00,0xB5,0x2C,0x2C,0x00,0x01,0x00,0x87,0x00,0x02,0x25,0x2B,0xF0},
	{0xA9,0x02,0x00,0xB5,0x2C,0x2C,0x00,0x01,0x00,0x87,0x00,0x02,0x25,0x2B,0xF0},
	{0xA9,0x02,0x00,0xB5,0x2C,0x2C,0x00,0x01,0x00,0x87,0x00,0x02,0x25,0x2C,0x00},
	{0xA9,0x02,0x00,0xB5,0x2C,0x2C,0x00,0x01,0x00,0x87,0x00,0x02,0x25,0x2C,0x10},
	{0xA9,0x02,0x00,0xB5,0x2C,0x2C,0x00,0x01,0x00,0x87,0x00,0x02,0x25,0x2C,0x00},
	{0xA9,0x02,0x00,0xB5,0x2C,0x2C,0x00,0x01,0x00,0x87,0x00,0x02,0x25,0x2C,0x10},
	{0xA9,0x02,0x00,0xB5,0x2C,0x2C,0x00,0x01,0x00,0x87,0x00,0x02,0x25,0x2C,0x10},
	{0xA9,0x02,0x00,0xB5,0x2C,0x2C,0x00,0x01,0x00,0x87,0x00,0x02,0x25,0x2C,0x20},
	{0xA9,0x02,0x00,0xB5,0x2C,0x2C,0x00,0x01,0x00,0x87,0x00,0x02,0x25,0x2C,0x30},
	{0xA9,0x02,0x00,0xB5,0x2C,0x2C,0x00,0x01,0x00,0x87,0x00,0x02,0x25,0x2C,0x30},
	{0xA9,0x02,0x00,0xB5,0x2C,0x2C,0x00,0x01,0x00,0x87,0x00,0x02,0x25,0x2C,0x40},
	{0xA9,0x02,0x00,0xB5,0x2C,0x2C,0x00,0x01,0x00,0x87,0x00,0x02,0x25,0x2C,0x40},
	{0xA9,0x02,0x00,0xB5,0x2C,0x2C,0x00,0x01,0x00,0x87,0x00,0x02,0x25,0x2C,0x50},
	{0xA9,0x02,0x00,0xB5,0x2C,0x2C,0x00,0x01,0x00,0x87,0x00,0x02,0x25,0x2C,0x50},
	{0xA9,0x02,0x00,0xB5,0x2C,0x2C,0x00,0x01,0x00,0x87,0x00,0x02,0x25,0x2C,0x60},
	{0xA9,0x02,0x00,0xB5,0x2C,0x2C,0x00,0x01,0x00,0x87,0x00,0x02,0x25,0x2C,0x70},
	{0xA9,0x02,0x00,0xB5,0x2C,0x2C,0x00,0x01,0x00,0x87,0x00,0x02,0x25,0x2C,0x70},
	{0xA9,0x02,0x00,0xB5,0x2C,0x2C,0x00,0x01,0x00,0x87,0x00,0x02,0x25,0x2C,0x80},
	{0xA9,0x02,0x00,0xB5,0x2C,0x2C,0x00,0x01,0x00,0x87,0x00,0x02,0x25,0x2C,0x80},
	{0xA9,0x02,0x00,0xB5,0x2C,0x2C,0x00,0x01,0x00,0x87,0x00,0x02,0x25,0x2C,0x90},
	{0xA9,0x02,0x00,0xB5,0x2C,0x2C,0x00,0x01,0x00,0x87,0x00,0x02,0x25,0x2C,0xA0},
	{0xA9,0x02,0x00,0xB5,0x2C,0x2C,0x00,0x01,0x00,0x87,0x00,0x02,0x25,0x2C,0xA0},
	{0xA9,0x02,0x00,0xB5,0x2C,0x2C,0x00,0x01,0x00,0x87,0x00,0x02,0x25,0x2C,0xA0},
	{0xA9,0x02,0x00,0xB5,0x2C,0x2C,0x00,0x01,0x00,0x87,0x00,0x02,0x25,0x2C,0xB0},
	{0xA9,0x02,0x00,0xB5,0x2C,0x2C,0x00,0x01,0x00,0x87,0x00,0x02,0x25,0x2C,0xC0},
	{0xA9,0x02,0x00,0xB5,0x2C,0x2C,0x00,0x01,0x00,0x87,0x00,0x02,0x25,0x2C,0xC0},
	{0xA9,0x02,0x00,0xB5,0x2C,0x2C,0x00,0x01,0x00,0x87,0x00,0x02,0x25,0x2C,0xC0},
	{0xA9,0x02,0x00,0xB5,0x2C,0x2C,0x00,0x01,0x00,0x87,0x00,0x02,0x25,0x2C,0xD0},
	{0xA9,0x02,0x00,0xB5,0x2C,0x2C,0x00,0x01,0x00,0x87,0x00,0x02,0x25,0x2C,0xD0},
	{0xA9,0x02,0x00,0xB5,0x2C,0x2C,0x00,0x01,0x00,0x87,0x00,0x02,0x25,0x2C,0xE0},
	{0xA9,0x02,0x00,0xB5,0x2C,0x2C,0x00,0x01,0x00,0x87,0x00,0x02,0x25,0x2C,0xE0},
	{0xA9,0x02,0x00,0xB5,0x2C,0x2C,0x00,0x01,0x00,0x87,0x00,0x02,0x25,0x2C,0xF0},
	{0xA9,0x02,0x00,0xB5,0x2C,0x2C,0x00,0x01,0x00,0x87,0x00,0x02,0x25,0x2C,0xF0},
	{0xA9,0x02,0x00,0xB5,0x2C,0x2C,0x00,0x01,0x00,0x87,0x00,0x02,0x25,0x2C,0xF0},
	{0xA9,0x02,0x00,0xB5,0x2C,0x2C,0x00,0x01,0x00,0x87,0x00,0x02,0x25,0x2D,0x00},
	{0xA9,0x02,0x00,0xB5,0x2C,0x2C,0x00,0x01,0x00,0x87,0x00,0x02,0x25,0x2D,0x10},
	{0xA9,0x02,0x00,0xB5,0x2C,0x2C,0x00,0x01,0x00,0x87,0x00,0x02,0x25,0x2D,0x10},
	{0xA9,0x02,0x00,0xB5,0x2C,0x2C,0x00,0x01,0x00,0x87,0x00,0x02,0x25,0x2D,0x20},
	{0xA9,0x02,0x00,0xB5,0x2C,0x2C,0x00,0x01,0x00,0x87,0x00,0x02,0x25,0x2D,0x20},
	{0xA9,0x02,0x00,0xB5,0x2C,0x2C,0x00,0x01,0x00,0x87,0x00,0x02,0x25,0x2D,0x30},
	{0xA9,0x02,0x00,0xB5,0x2C,0x2C,0x00,0x01,0x00,0x87,0x00,0x02,0x25,0x2D,0x30},
	{0xA9,0x02,0x00,0xB5,0x2C,0x2C,0x00,0x01,0x00,0x87,0x00,0x02,0x25,0x2D,0x40},
	{0xA9,0x02,0x00,0xB5,0x2C,0x2C,0x00,0x01,0x00,0x87,0x00,0x02,0x25,0x2D,0x50},
	{0xA9,0x02,0x00,0xB5,0x2C,0x2C,0x00,0x01,0x00,0x87,0x00,0x02,0x25,0x2D,0x50},
	{0xA9,0x02,0x00,0xB5,0x2C,0x2C,0x00,0x01,0x00,0x87,0x00,0x02,0x25,0x2D,0x60},
	{0xA9,0x02,0x00,0xB5,0x2C,0x2C,0x00,0x01,0x00,0x87,0x00,0x02,0x25,0x2D,0x70},
	{0xA9,0x02,0x00,0xB5,0x2C,0x2C,0x00,0x01,0x00,0x87,0x00,0x02,0x25,0x2D,0x70},
	{0xA9,0x02,0x00,0xB5,0x2C,0x2C,0x00,0x01,0x00,0x87,0x00,0x02,0x25,0x2D,0x70},
	{0xA9,0x02,0x00,0xB5,0x2C,0x2C,0x00,0x01,0x00,0x87,0x00,0x02,0x25,0x2D,0x80},
	{0xA9,0x02,0x00,0xB5,0x2C,0x2C,0x00,0x01,0x00,0x87,0x00,0x02,0x25,0x2D,0x90},
	{0xA9,0x02,0x00,0xB5,0x2C,0x2C,0x00,0x01,0x00,0x87,0x00,0x02,0x25,0x2D,0x90},
	{0xA9,0x02,0x00,0xB5,0x2C,0x2C,0x00,0x01,0x00,0x87,0x00,0x02,0x25,0x2D,0x90},
	{0xA9,0x02,0x00,0xB5,0x2C,0x2C,0x00,0x01,0x00,0x87,0x00,0x02,0x25,0x2D,0xA0},
	{0xA9,0x02,0x00,0xB5,0x2C,0x2C,0x00,0x01,0x00,0x87,0x00,0x02,0x25,0x2D,0xB0},
	{0xA9,0x02,0x00,0xB5,0x2C,0x2C,0x00,0x01,0x00,0x87,0x00,0x02,0x25,0x2D,0xB0},
	{0xA9,0x02,0x00,0xB5,0x2C,0x2C,0x00,0x01,0x00,0x87,0x00,0x02,0x25,0x2D,0xC0},
	{0xA9,0x02,0x00,0xB5,0x2C,0x2C,0x00,0x01,0x00,0x87,0x00,0x02,0x25,0x2D,0xC0},
	{0xA9,0x02,0x00,0xB5,0x2C,0x2C,0x00,0x01,0x00,0x87,0x00,0x02,0x25,0x2D,0xD0},
	{0xA9,0x02,0x00,0xB5,0x2C,0x2C,0x00,0x01,0x00,0x87,0x00,0x02,0x25,0x2D,0xC0},
	{0xA9,0x02,0x00,0xB5,0x2C,0x2C,0x00,0x01,0x00,0x87,0x00,0x02,0x25,0x2D,0xE0},
	{0xA9,0x02,0x00,0xB5,0x2C,0x2C,0x00,0x01,0x00,0x87,0x00,0x02,0x25,0x2D,0xE0},
	{0xA9,0x02,0x00,0xB5,0x2C,0x2C,0x00,0x01,0x00,0x87,0x00,0x02,0x25,0x2D,0xF0},
	{0xA9,0x02,0x00,0xB5,0x2C,0x2C,0x00,0x01,0x00,0x87,0x00,0x02,0x25,0x2E,0x00},
	{0xA9,0x02,0x00,0xB5,0x2C,0x2C,0x00,0x01,0x00,0x87,0x00,0x02,0x25,0x2D,0xF0},
	{0xA9,0x02,0x00,0xB5,0x2C,0x2C,0x00,0x01,0x00,0x87,0x00,0x02,0x25,0x2E,0x00},
	{0xA9,0x02,0x00,0xB5,0x2C,0x2C,0x00,0x01,0x00,0x87,0x00,0x02,0x25,0x2E,0x00},
	{0xA9,0x02,0x00,0xB5,0x2C,0x2C,0x00,0x01,0x00,0x87,0x00,0x02,0x25,0x2E,0x10},
	{0xA9,0x02,0x00,0xB5,0x2C,0x2C,0x00,0x01,0x00,0x87,0x00,0x02,0x25,0x2E,0x20},
	{0xA9,0x02,0x00,0xB5,0x2C,0x2C,0x00,0x01,0x00,0x87,0x00,0x02,0x25,0x2E,0x20},
	{0xA9,0x02,0x00,0xB5,0x2C,0x2C,0x00,0x01,0x00,0x87,0x00,0x02,0x25,0x2E,0x10},
	{0xA9,0x02,0x00,0xB5,0x2C,0x2C,0x00,0x01,0x00,0x87,0x00,0x02,0x25,0x2E,0x20},
	{0xA9,0x02,0x00,0xB5,0x2C,0x2C,0x00,0x01,0x00,0x87,0x00,0x02,0x25,0x2E,0x30},
	{0xA9,0x02,0x00,0xB5,0x2C,0x2C,0x00,0x01,0x00,0x87,0x00,0x02,0x25,0x2E,0x50},
	{0xA9,0x02,0x00,0xB5,0x2C,0x2C,0x00,0x01,0x00,0x87,0x00,0x02,0x25,0x2E,0x50},
	{0xA9,0x02,0x00,0xB5,0x2C,0x2C,0x00,0x01,0x00,0x87,0x00,0x02,0x25,0x2E,0x50},
	{0xA9,0x02,0x00,0xB5,0x2C,0x2C,0x00,0x01,0x00,0x87,0x00,0x02,0x25,0x2E,0x60},
	{0xA9,0x02,0x00,0xB5,0x2C,0x2C,0x00,0x01,0x00,0x87,0x00,0x02,0x25,0x2E,0x60},
	{0xA9,0x02,0x00,0xB5,0x2C,0x2C,0x00,0x01,0x00,0x87,0x00,0x02,0x25,0x2E,0x70},
	{0xA9,0x02,0x00,0xB5,0x2C,0x2C,0x00,0x01,0x00,0x87,0x00,0x02,0x25,0x2E,0x70},
	{0xA9,0x02,0x00,0xB5,0x2C,0x2C,0x00,0x01,0x00,0x87,0x00,0x02,0x25,0x2E,0x80},
	{0xA9,0x02,0x00,0xB5,0x2C,0x2C,0x00,0x01,0x00,0x87,0x00,0x02,0x25,0x2E,0x90},
	{0xA9,0x02,0x00,0xB5,0x2C,0x2C,0x00,0x01,0x00,0x87,0x00,0x02,0x25,0x2E,0x90},
	{0xA9,0x02,0x00,0xB5,0x2C,0x2C,0x00,0x01,0x00,0x87,0x00,0x02,0x25,0x2E,0xA0},
	{0xA9,0x02,0x00,0xB5,0x2C,0x2C,0x00,0x01,0x00,0x87,0x00,0x02,0x25,0x2E,0xA0},
	{0xA9,0x02,0x00,0xB5,0x2C,0x2C,0x00,0x01,0x00,0x87,0x00,0x02,0x25,0x2E,0xB0},
	{0xA9,0x02,0x00,0xB5,0x2C,0x2C,0x00,0x01,0x00,0x87,0x00,0x02,0x25,0x2E,0xB0},
	{0xA9,0x02,0x00,0xB5,0x2C,0x2C,0x00,0x01,0x00,0x87,0x00,0x02,0x25,0x2E,0xC0},
	{0xA9,0x02,0x00,0xB5,0x2C,0x2C,0x00,0x01,0x00,0x87,0x00,0x02,0x25,0x2E,0xC0},
	{0xA9,0x02,0x00,0xB5,0x2C,0x2C,0x00,0x01,0x00,0x87,0x00,0x02,0x25,0x2E,0xD0},
	{0xA9,0x02,0x00,0xB5,0x2C,0x2C,0x00,0x01,0x00,0x87,0x00,0x02,0x25,0x2E,0xD0},
	{0xA9,0x02,0x00,0xB5,0x2C,0x2C,0x00,0x01,0x00,0x87,0x00,0x02,0x25,0x2E,0xD0},
	{0xA9,0x02,0x00,0xB5,0x2C,0x2C,0x00,0x01,0x00,0x87,0x00,0x02,0x25,0x2E,0xE0},
	{0xA9,0x02,0x00,0xB5,0x2C,0x2C,0x00,0x01,0x00,0x87,0x00,0x02,0x25,0x2E,0xF0},
	{0xA9,0x02,0x00,0xB5,0x2C,0x2C,0x00,0x01,0x00,0x87,0x00,0x02,0x25,0x2E,0xF0},
	{0xA9,0x02,0x00,0xB5,0x2C,0x2C,0x00,0x01,0x00,0x87,0x00,0x02,0x25,0x2F,0x00},
	{0xA9,0x02,0x00,0xB5,0x2C,0x2C,0x00,0x01,0x00,0x87,0x00,0x02,0x25,0x2F,0x10},
	{0xA9,0x02,0x00,0xB5,0x2C,0x2C,0x00,0x01,0x00,0x87,0x00,0x02,0x25,0x2F,0x10},
	{0xA9,0x02,0x00,0xB5,0x2C,0x2C,0x00,0x01,0x00,0x87,0x00,0x02,0x25,0x2F,0x20},
	{0xA9,0x02,0x00,0xB5,0x2C,0x2C,0x00,0x01,0x00,0x87,0x00,0x02,0x25,0x2F,0x20},
	{0xA9,0x02,0x00,0xB5,0x2C,0x2C,0x00,0x01,0x00,0x87,0x00,0x02,0x25,0x2F,0x30},
	{0xA9,0x02,0x00,0xB5,0x2C,0x2C,0x00,0x01,0x00,0x87,0x00,0x02,0x25,0x2F,0x30},
	{0xA9,0x02,0x00,0xB5,0x2C,0x2C,0x00,0x01,0x00,0x87,0x00,0x02,0x25,0x2F,0x40},
	{0xA9,0x02,0x00,0xB5,0x2C,0x2C,0x00,0x01,0x00,0x87,0x00,0x02,0x25,0x2F,0x40},
	{0xA9,0x02,0x00,0xB5,0x2C,0x2C,0x00,0x01,0x00,0x87,0x00,0x02,0x25,0x2F,0x50},
	{0xA9,0x02,0x00,0xB5,0x2C,0x2C,0x00,0x01,0x00,0x87,0x00,0x02,0x25,0x2F,0x60},
	{0xA9,0x02,0x00,0xB5,0x2C,0x2C,0x00,0x01,0x00,0x87,0x00,0x02,0x25,0x2F,0x70},
	{0xA9,0x02,0x00,0xB5,0x2C,0x2C,0x00,0x01,0x00,0x87,0x00,0x02,0x25,0x2F,0x60},
	{0xA9,0x02,0x00,0xB5,0x2C,0x2C,0x00,0x01,0x00,0x87,0x00,0x02,0x25,0x2F,0x70},
	{0xA9,0x02,0x00,0xB5,0x2C,0x2C,0x00,0x01,0x00,0x87,0x00,0x02,0x25,0x2F,0x80},
	{0xA9,0x02,0x00,0xB5,0x2C,0x2C,0x00,0x01,0x00,0x87,0x00,0x02,0x25,0x2F,0x80},
	{0xA9,0x02,0x00,0xB5,0x2C,0x2C,0x00,0x01,0x00,0x87,0x00,0x02,0x25,0x2F,0x90},
	{0xA9,0x02,0x00,0xB5,0x2C,0x2C,0x00,0x01,0x00,0x87,0x00,0x02,0x25,0x2F,0xA0},
	{0xA9,0x02,0x00,0xB5,0x2C,0x2C,0x00,0x01,0x00,0x87,0x00,0x02,0x25,0x2F,0x90},
	{0xA9,0x02,0x00,0xB5,0x2C,0x2C,0x00,0x01,0x00,0x87,0x00,0x02,0x25,0x2F,0x90},
	{0xA9,0x02,0x00,0xB5,0x2C,0x2C,0x00,0x01,0x00,0x87,0x00,0x02,0x25,0x2F,0xA0},
	{0xA9,0x02,0x00,0xB5,0x2C,0x2C,0x00,0x01,0x00,0x87,0x00,0x02,0x25,0x2F,0xC0},
	{0xA9,0x02,0x00,0xB5,0x2C,0x2C,0x00,0x01,0x00,0x87,0x00,0x02,0x25,0x2F,0xC0},
	{0xA9,0x02,0x00,0xB5,0x2C,0x2C,0x00,0x01,0x00,0x87,0x00,0x02,0x25,0x2F,0xC0},
	{0xA9,0x02,0x00,0xB5,0x2C,0x2C,0x00,0x01,0x00,0x87,0x00,0x02,0x25,0x2F,0xD0},
	{0xA9,0x02,0x00,0xB5,0x2C,0x2C,0x00,0x01,0x00,0x87,0x00,0x02,0x25,0x2F,0xD0},
	{0xA9,0x02,0x00,0xB5,0x2C,0x2C,0x00,0x01,0x00,0x87,0x00,0x02,0x25,0x2F,0xE0},
	{0xA9,0x02,0x00,0xB5,0x2C,0x2C,0x00,0x01,0x00,0x87,0x00,0x02,0x25,0x2F,0xF0},
	{0xA9,0x02,0x00,0xB5,0x2C,0x2C,0x00,0x01,0x00,0x87,0x00,0x02,0x25,0x2F,0xF0},
	{0xA9,0x02,0x00,0xB5,0x2C,0x2C,0x00,0x01,0x00,0x87,0x00,0x02,0x25,0x30,0x00},
	{0xA9,0x02,0x00,0xB5,0x2C,0x2C,0x00,0x01,0x00,0x87,0x00,0x02,0x25,0x30,0x00},
	{0xA9,0x02,0x00,0xB5,0x2C,0x2C,0x00,0x01,0x00,0x87,0x00,0x02,0x25,0x30,0x10},
	{0xA9,0x02,0x00,0xB5,0x2C,0x2C,0x00,0x01,0x00,0x87,0x00,0x02,0x25,0x30,0x10},
	{0xA9,0x02,0x00,0xB5,0x2C,0x2C,0x00,0x01,0x00,0x87,0x00,0x02,0x25,0x30,0x20},
	{0xA9,0x02,0x00,0xB5,0x2C,0x2C,0x00,0x01,0x00,0x87,0x00,0x02,0x25,0x30,0x20},
	{0xA9,0x02,0x00,0xB5,0x2C,0x2C,0x00,0x01,0x00,0x87,0x00,0x02,0x25,0x30,0x30},
	{0xA9,0x02,0x00,0xB5,0x2C,0x2C,0x00,0x01,0x00,0x87,0x00,0x02,0x25,0x30,0x40},
	{0xA9,0x02,0x00,0xB5,0x2C,0x2C,0x00,0x01,0x00,0x87,0x00,0x02,0x25,0x30,0x40},
	{0xA9,0x02,0x00,0xB5,0x2C,0x2C,0x00,0x01,0x00,0x87,0x00,0x02,0x25,0x30,0x50},
	{0xA9,0x02,0x00,0xB5,0x2C,0x2C,0x00,0x01,0x00,0x87,0x00,0x02,0x25,0x30,0x40},
	{0xA9,0x02,0x00,0xB5,0x2C,0x2C,0x00,0x01,0x00,0x87,0x00,0x02,0x25,0x30,0x40},
	{0xA9,0x02,0x00,0xB5,0x2C,0x2C,0x00,0x01,0x00,0x87,0x00,0x02,0x25,0x30,0x50},
	{0xA9,0x02,0x00,0xB5,0x2C,0x2C,0x00,0x01,0x00,0x87,0x00,0x02,0x25,0x30,0x70},
	{0xA9,0x02,0x00,0xB5,0x2C,0x2C,0x00,0x01,0x00,0x87,0x00,0x02,0x25,0x30,0x70},
	{0xA9,0x02,0x00,0xB5,0x2C,0x2C,0x00,0x01,0x00,0x87,0x00,0x02,0x25,0x30,0x70},
	{0xA9,0x02,0x00,0xB5,0x2C,0x2C,0x00,0x01,0x00,0x87,0x00,0x02,0x25,0x30,0x80},
	{0xA9,0x02,0x00,0xB5,0x2C,0x2C,0x00,0x01,0x00,0x87,0x00,0x02,0x25,0x30,0x90},
	{0xA9,0x02,0x00,0xB5,0x2C,0x2C,0x00,0x01,0x00,0x87,0x00,0x02,0x25,0x30,0xA0},
	{0xA9,0x02,0x00,0xB5,0x2C,0x2C,0x00,0x01,0x00,0x87,0x00,0x02,0x25,0x30,0xA0},
	{0xA9,0x02,0x00,0xB5,0x2C,0x2C,0x00,0x01,0x00,0x87,0x00,0x02,0x25,0x30,0xA0},
	{0xA9,0x02,0x00,0xB5,0x2C,0x2C,0x00,0x01,0x00,0x87,0x00,0x02,0x25,0x30,0xB0},
	{0xA9,0x02,0x00,0xB5,0x2C,0x2C,0x00,0x01,0x00,0x87,0x00,0x02,0x25,0x30,0xC0},
	{0xA9,0x02,0x00,0xB5,0x2C,0x2C,0x00,0x01,0x00,0x87,0x00,0x02,0x25,0x30,0xC0},
	{0xA9,0x02,0x00,0xB5,0x2C,0x2C,0x00,0x01,0x00,0x87,0x00,0x02,0x25,0x30,0xD0},
	{0xA9,0x02,0x00,0xB5,0x2C,0x2C,0x00,0x01,0x00,0x87,0x00,0x02,0x25,0x30,0xD0},
	{0xA9,0x02,0x00,0xB5,0x2C,0x2C,0x00,0x01,0x00,0x87,0x00,0x02,0x25,0x30,0xE0},
	{0xA9,0x02,0x00,0xB5,0x2C,0x2C,0x00,0x01,0x00,0x87,0x00,0x02,0x25,0x30,0xE0},
	{0xA9,0x02,0x00,0xB5,0x2C,0x2C,0x00,0x01,0x00,0x87,0x00,0x02,0x25,0x30,0xF0},
	{0xA9,0x02,0x00,0xB5,0x2C,0x2C,0x00,0x01,0x00,0x87,0x00,0x02,0x25,0x30,0xE0},
	{0xA9,0x02,0x00,0xB5,0x2C,0x2C,0x00,0x01,0x00,0x87,0x00,0x02,0x25,0x30,0xE0},
	{0xA9,0x02,0x00,0xB5,0x2C,0x2C,0x00,0x01,0x00,0x87,0x00,0x02,0x25,0x30,0xF0},
	{0xA9,0x02,0x00,0xB5,0x2C,0x2C,0x00,0x01,0x00,0x87,0x00,0x02,0x25,0x31,0x00},
	{0xA9,0x02,0x00,0xB5,0x2C,0x2C,0x00,0x01,0x00,0x87,0x00,0x02,0x25,0x31,0x00},
	{0xA9,0x02,0x00,0xB5,0x2C,0x2C,0x00,0x01,0x00,0x87,0x00,0x02,0x25,0x31,0x10},
	{0xA9,0x02,0x00,0xB5,0x2C,0x2C,0x00,0x01,0x00,0x87,0x00,0x02,0x25,0x31,0x30},
	{0xA9,0x02,0x00,0xB5,0x2C,0x2C,0x00,0x01,0x00,0x87,0x00,0x02,0x25,0x31,0x30},
	{0xA9,0x02,0x00,0xB5,0x2C,0x2C,0x00,0x01,0x00,0x87,0x00,0x02,0x25,0x31,0x40},
	{0xA9,0x02,0x00,0xB5,0x2C,0x2C,0x00,0x01,0x00,0x87,0x00,0x02,0x25,0x31,0x40},
	{0xA9,0x02,0x00,0xB5,0x2C,0x2C,0x00,0x01,0x00,0x87,0x00,0x02,0x25,0x31,0x40},
	{0xA9,0x02,0x00,0xB5,0x2C,0x2C,0x00,0x01,0x00,0x87,0x00,0x02,0x25,0x31,0x60},
	{0xA9,0x02,0x00,0xB5,0x2C,0x2C,0x00,0x01,0x00,0x87,0x00,0x02,0x25,0x31,0x60},
	{0xA9,0x02,0x00,0xB5,0x2C,0x2C,0x00,0x01,0x00,0x87,0x00,0x02,0x25,0x31,0x60},
	{0xA9,0x02,0x00,0xB5,0x2C,0x2C,0x00,0x01,0x00,0x87,0x00,0x02,0x25,0x31,0x70},
	{0xA9,0x02,0x00,0xB5,0x2C,0x2C,0x00,0x01,0x00,0x87,0x00,0x02,0x25,0x31,0x80},
	{0xA9,0x02,0x00,0xB5,0x2C,0x2C,0x00,0x01,0x00,0x87,0x00,0x02,0x25,0x31,0x80},
	{0xA9,0x02,0x00,0xB5,0x2C,0x2C,0x00,0x01,0x00,0x87,0x00,0x02,0x25,0x31,0x90},
	{0xA9,0x02,0x00,0xB5,0x2C,0x2C,0x00,0x01,0x00,0x87,0x00,0x02,0x25,0x31,0xA0},
	{0xA9,0x02,0x00,0xB5,0x2C,0x2C,0x00,0x01,0x00,0x87,0x00,0x02,0x25,0x31,0xA0},
	{0xA9,0x02,0x00,0xB5,0x2C,0x2C,0x00,0x01,0x00,0x87,0x00,0x02,0x25,0x31,0x90},
	{0xA9,0x02,0x00,0xB5,0x2C,0x2C,0x00,0x01,0x00,0x87,0x00,0x02,0x25,0x31,0xA0},
	{0xA9,0x02,0x00,0xB5,0x2C,0x2C,0x00,0x01,0x00,0x87,0x00,0x02,0x25,0x31,0xA0},
	{0xA9,0x02,0x00,0xB5,0x2C,0x2C,0x00,0x01,0x00,0x87,0x00,0x02,0x25,0x31,0xA0},
	{0xA9,0x02,0x00,0xB5,0x2C,0x2C,0x00,0x01,0x00,0x87,0x00,0x02,0x25,0x31,0xD0},
	{0xA9,0x02,0x00,0xB5,0x2C,0x2C,0x00,0x01,0x00,0x87,0x00,0x02,0x25,0x31,0xC0},
	{0xA9,0x02,0x00,0xB5,0x2C,0x2C,0x00,0x01,0x00,0x87,0x00,0x02,0x25,0x31,0xE0},
	{0xA9,0x02,0x00,0xB5,0x2C,0x2C,0x00,0x01,0x00,0x87,0x00,0x02,0x25,0x31,0xF0},
	{0xA9,0x02,0x00,0xB5,0x2C,0x2C,0x00,0x01,0x00,0x87,0x00,0x02,0x25,0x31,0xF0},
	{0xA9,0x02,0x00,0xB5,0x2C,0x2C,0x00,0x01,0x00,0x87,0x00,0x02,0x25,0x32,0x00},
	{0xA9,0x02,0x00,0xB5,0x2C,0x2C,0x00,0x01,0x00,0x87,0x00,0x02,0x25,0x32,0x00},
	{0xA9,0x02,0x00,0xB5,0x2C,0x2C,0x00,0x01,0x00,0x87,0x00,0x02,0x25,0x32,0x10},
	{0xA9,0x02,0x00,0xB5,0x2C,0x2C,0x00,0x01,0x00,0x87,0x00,0x02,0x25,0x32,0x20},
	{0xA9,0x02,0x00,0xB5,0x2C,0x2C,0x00,0x01,0x00,0x87,0x00,0x02,0x25,0x32,0x20},
	{0xA9,0x02,0x00,0xB5,0x2C,0x2C,0x00,0x01,0x00,0x87,0x00,0x02,0x25,0x32,0x20},
	{0xA9,0x02,0x00,0xB5,0x2C,0x2C,0x00,0x01,0x00,0x87,0x00,0x02,0x25,0x32,0x30},
	{0xA9,0x02,0x00,0xB5,0x2C,0x2C,0x00,0x01,0x00,0x87,0x00,0x02,0x25,0x32,0x40},
	{0xA9,0x02,0x00,0xB5,0x2C,0x2C,0x00,0x01,0x00,0x87,0x00,0x02,0x25,0x32,0x40},
	{0xA9,0x02,0x00,0xB5,0x2C,0x2C,0x00,0x01,0x00,0x87,0x00,0x02,0x25,0x32,0x30},
	{0xA9,0x02,0x00,0xB5,0x2C,0x2C,0x00,0x01,0x00,0x87,0x00,0x02,0x25,0x32,0x40},
	{0xA9,0x02,0x00,0xB5,0x2C,0x2C,0x00,0x01,0x00,0x87,0x00,0x02,0x25,0x32,0x40},
	{0xA9,0x02,0x00,0xB5,0x2C,0x2C,0x00,0x01,0x00,0x87,0x00,0x02,0x25,0x32,0x50},
	{0xA9,0x02,0x00,0xB5,0x2C,0x2C,0x00,0x01,0x00,0x87,0x00,0x02,0x25,0x32,0x50},
	{0xA9,0x02,0x00,0xB5,0x2C,0x2C,0x00,0x01,0x00,0x87,0x00,0x02,0x25,0x32,0x60},
	{0xA9,0x02,0x00,0xB5,0x2C,0x2C,0x00,0x01,0x00,0x87,0x00,0x02,0x25,0x32,0x60},
	{0xA9,0x02,0x00,0xB5,0x2C,0x2C,0x00,0x01,0x00,0x87,0x00,0x02,0x25,0x32,0x70},
	{0xA9,0x02,0x00,0xB5,0x2C,0x2C,0x00,0x01,0x00,0x87,0x00,0x02,0x25,0x32,0x70},
	{0xA9,0x02,0x00,0xB5,0x2C,0x2C,0x00,0x01,0x00,0x87,0x00,0x02,0x25,0x32,0x70},
	{0xA9,0x02,0x00,0xB5,0x2C,0x2C,0x00,0x01,0x00,0x87,0x00,0x02,0x25,0x32,0x80},
	{0xA9,0x02,0x00,0xB5,0x2C,0x2C,0x00,0x01,0x00,0x87,0x00,0x02,0x25,0x32,0x90},
	{0xA9,0x02,0x00,0xB5,0x2C,0x2C,0x00,0x01,0x00,0x87,0x00,0x02,0x25,0x32,0x90},
	{0xA9,0x02,0x00,0xB5,0x2C,0x2C,0x00,0x01,0x00,0x87,0x00,0x02,0x25,0x32,0xA0},
	{0xA9,0x02,0x00,0xB5,0x2C,0x2C,0x00,0x01,0x00,0x87,0x00,0x02,0x25,0x32,0xB0},
	{0xA9,0x02,0x00,0xB5,0x2C,0x2C,0x00,0x01,0x00,0x87,0x00,0x02,0x25,0x32,0xA0},
	{0xA9,0x02,0x00,0xB5,0x2C,0x2C,0x00,0x01,0x00,0x87,0x00,0x02,0x25,0x32,0xB0},
	{0xA9,0x02,0x00,0xB5,0x2C,0x2C,0x00,0x01,0x00,0x87,0x00,0x02,0x25,0x32,0xD0},
	{0xA9,0x02,0x00,0xB5,0x2C,0x2C,0x00,0x01,0x00,0x87,0x00,0x02,0x25,0x32,0xC0},
	{0xA9,0x02,0x00,0xB5,0x2C,0x2C,0x00,0x01,0x00,0x87,0x00,0x02,0x25,0x32,0xC0},
	{0xA9,0x02,0x00,0xB5,0x2C,0x2C,0x00,0x01,0x00,0x87,0x00,0x02,0x25,0x32,0xD0},
	{0xA9,0x02,0x00,0xB5,0x2C,0x2C,0x00,0x01,0x00,0x87,0x00,0x02,0x25,0x32,0xD0},
	{0xA9,0x02,0x00,0xB5,0x2C,0x2C,0x00,0x01,0x00,0x87,0x00,0x02,0x25,0x32,0xD0},
	{0xA9,0x02,0x00,0xB5,0x2C,0x2C,0x00,0x01,0x00,0x87,0x00,0x02,0x25,0x32,0xE0},
	{0xA9,0x02,0x00,0xB5,0x2C,0x2C,0x00,0x01,0x00,0x87,0x00,0x02,0x25,0x32,0xF0},
	{0xA9,0x02,0x00,0xB5,0x2C,0x2C,0x00,0x01,0x00,0x87,0x00,0x02,0x25,0x32,0xF0},
	{0xA9,0x02,0x00,0xB5,0x2C,0x2C,0x00,0x01,0x00,0x87,0x00,0x02,0x25,0x32,0xF0},
	{0xA9,0x02,0x00,0xB5,0x2C,0x2C,0x00,0x01,0x00,0x87,0x00,0x02,0x25,0x33,0x00},
	{0xA9,0x02,0x00,0xB5,0x2C,0x2C,0x00,0x01,0x00,0x87,0x00,0x02,0x25,0x33,0x00},
	{0xA9,0x02,0x00,0xB5,0x2C,0x2C,0x00,0x01,0x00,0x87,0x00,0x02,0x25,0x33,0x10},
	{0xA9,0x02,0x00,0xB5,0x2C,0x2C,0x00,0x01,0x00,0x87,0x00,0x02,0x25,0x33,0x10},
	{0xA9,0x02,0x00,0xB5,0x2C,0x2C,0x00,0x01,0x00,0x87,0x00,0x02,0x25,0x33,0x20},
	{0xA9,0x02,0x00,0xB5,0x2C,0x2C,0x00,0x01,0x00,0x87,0x00,0x02,0x25,0x33,0x30},
	{0xA9,0x02,0x00,0xB5,0x2C,0x2C,0x00,0x01,0x00,0x87,0x00,0x02,0x25,0x33,0x30},
	{0xA9,0x02,0x00,0xB5,0x2C,0x2C,0x00,0x01,0x00,0x87,0x00,0x02,0x25,0x33,0x40},
	{0xA9,0x02,0x00,0xB5,0x2C,0x2C,0x00,0x01,0x00,0x87,0x00,0x02,0x25,0x33,0x40},
	{0xA9,0x02,0x00,0xB5,0x2C,0x2C,0x00,0x01,0x00,0x87,0x00,0x02,0x25,0x33,0x50},
	{0xA9,0x02,0x00,0xB5,0x2C,0x2C,0x00,0x01,0x00,0x87,0x00,0x02,0x25,0x33,0x50},
	{0xA9,0x02,0x00,0xB5,0x2C,0x2C,0x00,0x01,0x00,0x87,0x00,0x02,0x25,0x33,0x50},
	{0xA9,0x02,0x00,0xB5,0x2C,0x2C,0x00,0x01,0x00,0x87,0x00,0x02,0x25,0x33,0x50},
	{0xA9,0x02,0x00,0xB5,0x2C,0x2C,0x00,0x01,0x00,0x87,0x00,0x02,0x25,0x33,0x80},
	{0xA9,0x02,0x00,0xB5,0x2C,0x2C,0x00,0x01,0x00,0x87,0x00,0x02,0x25,0x33,0x70},
	{0xA9,0x02,0x00,0xB5,0x2C,0x2C,0x00,0x01,0x00,0x87,0x00,0x02,0x25,0x33,0x70},
	{0xA9,0x02,0x00,0xB5,0x2C,0x2C,0x00,0x01,0x00,0x87,0x00,0x02,0x25,0x33,0x80},
	{0xA9,0x02,0x00,0xB5,0x2C,0x2C,0x00,0x01,0x00,0x87,0x00,0x02,0x25,0x33,0x90},
	{0xA9,0x02,0x00,0xB5,0x2C,0x2C,0x00,0x01,0x00,0x87,0x00,0x02,0x25,0x33,0x90},
	{0xA9,0x02,0x00,0xB5,0x2C,0x2C,0x00,0x01,0x00,0x87,0x00,0x02,0x25,0x33,0xA0},
	{0xA9,0x02,0x00,0xB5,0x2C,0x2C,0x00,0x01,0x00,0x87,0x00,0x02,0x25,0x33,0xB0},
	{0xA9,0x02,0x00,0xB5,0x2C,0x2C,0x00,0x01,0x00,0x87,0x00,0x02,0x25,0x33,0xB0},
	{0xA9,0x02,0x00,0xB5,0x2C,0x2C,0x00,0x01,0x00,0x87,0x00,0x02,0x25,0x33,0xB0},
	{0xA9,0x02,0x00,0xB5,0x2C,0x2C,0x00,0x01,0x00,0x87,0x00,0x02,0x25,0x33,0xC0},
	{0xA9,0x02,0x00,0xB5,0x2C,0x2C,0x00,0x01,0x00,0x87,0x00,0x02,0x25,0x33,0xC0},
	{0xA9,0x02,0x00,0xB5,0x2C,0x2C,0x00,0x01,0x00,0x87,0x00,0x02,0x25,0x33,0xC0},
	{0xA9,0x02,0x00,0xB5,0x2C,0x2C,0x00,0x01,0x00,0x87,0x00,0x02,0x25,0x33,0xD0},
	{0xA9,0x02,0x00,0xB5,0x2C,0x2C,0x00,0x01,0x00,0x87,0x00,0x02,0x25,0x33,0xD0},
	{0xA9,0x02,0x00,0xB5,0x2C,0x2C,0x00,0x01,0x00,0x87,0x00,0x02,0x25,0x33,0xE0},
	{0xA9,0x02,0x00,0xB5,0x2C,0x2C,0x00,0x01,0x00,0x87,0x00,0x02,0x25,0x33,0xE0},
	{0xA9,0x02,0x00,0xB5,0x2C,0x2C,0x00,0x01,0x00,0x87,0x00,0x02,0x25,0x33,0xF0},
	{0xA9,0x02,0x00,0xB5,0x2C,0x2C,0x00,0x01,0x00,0x87,0x00,0x02,0x25,0x34,0x00},
	{0xA9,0x02,0x00,0xB5,0x2C,0x2C,0x00,0x01,0x00,0x87,0x00,0x02,0x25,0x33,0xF0},
	{0xA9,0x02,0x00,0xB5,0x2C,0x2C,0x00,0x01,0x00,0x87,0x00,0x02,0x25,0x34,0x00},
	{0xA9,0x02,0x00,0xB5,0x2C,0x2C,0x00,0x01,0x00,0x87,0x00,0x02,0x25,0x34,0x00},
	{0xA9,0x02,0x00,0xB5,0x2C,0x2C,0x00,0x01,0x00,0x87,0x00,0x02,0x25,0x34,0x10},
	{0xA9,0x02,0x00,0xB5,0x2C,0x2C,0x00,0x01,0x00,0x87,0x00,0x02,0x25,0x34,0x10},
	{0xA9,0x02,0x00,0xB5,0x2C,0x2C,0x00,0x01,0x00,0x87,0x00,0x02,0x25,0x34,0x20},
	{0xA9,0x02,0x00,0xB5,0x2C,0x2C,0x00,0x01,0x00,0x87,0x00,0x02,0x25,0x34,0x20},
	{0xA9,0x02,0x00,0xB5,0x2C,0x2C,0x00,0x01,0x00,0x87,0x00,0x02,0x25,0x34,0x20},
	{0xA9,0x02,0x00,0xB5,0x2C,0x2C,0x00,0x01,0x00,0x87,0x00,0x02,0x25,0x34,0x30},
	{0xA9,0x02,0x00,0xB5,0x2C,0x2C,0x00,0x01,0x00,0x87,0x00,0x02,0x25,0x34,0x40},
	{0xA9,0x02,0x00,0xB5,0x2C,0x2C,0x00,0x01,0x00,0x87,0x00,0x02,0x25,0x34,0x40},
	{0xA9,0x02,0x00,0xB5,0x2C,0x2C,0x00,0x01,0x00,0x87,0x00,0x02,0x25,0x34,0x40},
	{0xA9,0x02,0x00,0xB5,0x2C,0x2C,0x00,0x01,0x00,0x87,0x00,0x02,0x25,0x34,0x50},
	{0xA9,0x02,0x00,0xB5,0x2C,0x2C,0x00,0x01,0x00,0x87,0x00,0x02,0x25,0x34,0x60},
	{0xA9,0x02,0x00,0xB5,0x2C,0x2C,0x00,0x01,0x00,0x87,0x00,0x02,0x25,0x34,0x60},
	{0xA9,0x02,0x00,0xB5,0x2C,0x2C,0x00,0x01,0x00,0x87,0x00,0x02,0x25,0x34,0x70},
	{0xA9,0x02,0x00,0xB5,0x2C,0x2C,0x00,0x01,0x00,0x87,0x00,0x02,0x25,0x34,0x70},
	{0xA9,0x02,0x00,0xB5,0x2C,0x2C,0x00,0x01,0x00,0x87,0x00,0x02,0x25,0x34,0x80},
	{0xA9,0x02,0x00,0xB5,0x2C,0x2C,0x00,0x01,0x00,0x87,0x00,0x02,0x25,0x34,0x90},
	{0xA9,0x02,0x00,0xB5,0x2C,0x2C,0x00,0x01,0x00,0x87,0x00,0x02,0x25,0x34,0x90},
	{0xA9,0x02,0x00,0xB5,0x2C,0x2C,0x00,0x01,0x00,0x87,0x00,0x02,0x25,0x34,0x90},
	{0xA9,0x02,0x00,0xB5,0x2C,0x2C,0x00,0x01,0x00,0x87,0x00,0x02,0x25,0x34,0x90},
	{0xA9,0x02,0x00,0xB5,0x2C,0x2C,0x00,0x01,0x00,0x87,0x00,0x02,0x25,0x34,0xA0},
	{0xA9,0x02,0x00,0xB5,0x2C,0x2C,0x00,0x01,0x00,0x87,0x00,0x02,0x25,0x34,0xB0},
	{0xA9,0x02,0x00,0xB5,0x2C,0x2C,0x00,0x01,0x00,0x87,0x00,0x02,0x25,0x34,0xC0},
	{0xA9,0x02,0x00,0xB5,0x2C,0x2C,0x00,0x01,0x00,0x87,0x00,0x02,0x25,0x34,0xB0},
	{0xA9,0x02,0x00,0xB5,0x2C,0x2C,0x00,0x01,0x00,0x87,0x00,0x02,0x25,0x34,0xC0},
	{0xA9,0x02,0x00,0xB5,0x2C,0x2C,0x00,0x01,0x00,0x87,0x00,0x02,0x25,0x34,0xC0},
	{0xA9,0x02,0x00,0xB5,0x2C,0x2C,0x00,0x01,0x00,0x87,0x00,0x02,0x25,0x34,0xD0},
	{0xA9,0x02,0x00,0xB5,0x2C,0x2C,0x00,0x01,0x00,0x87,0x00,0x02,0x25,0x34,0xE0},
	{0xA9,0x02,0x00,0xB5,0x2C,0x2C,0x00,0x01,0x00,0x87,0x00,0x02,0x25,0x34,0xE0},
	{0xA9,0x02,0x00,0xB5,0x2C,0x2C,0x00,0x01,0x00,0x87,0x00,0x02,0x25,0x34,0xF0},
	{0xA9,0x02,0x00,0xB5,0x2C,0x2C,0x00,0x01,0x00,0x87,0x00,0x02,0x25,0x34,0xF0},
	{0xA9,0x02,0x00,0xB5,0x2C,0x2C,0x00,0x01,0x00,0x87,0x00,0x02,0x25,0x35,0x00},
	{0xA9,0x02,0x00,0xB5,0x2C,0x2C,0x00,0x01,0x00,0x87,0x00,0x02,0x25,0x35,0x00},
	{0xA9,0x02,0x00,0xB5,0x2C,0x2C,0x00,0x01,0x00,0x87,0x00,0x02,0x25,0x35,0x00},
	{0xA9,0x02,0x00,0xB5,0x2C,0x2C,0x00,0x01,0x00,0x87,0x00,0x02,0x25,0x35,0x10},
	{0xA9,0x02,0x00,0xB5,0x2C,0x2C,0x00,0x01,0x00,0x87,0x00,0x02,0x25,0x35,0x10},
	{0xA9,0x02,0x00,0xB5,0x2C,0x2C,0x00,0x01,0x00,0x87,0x00,0x02,0x25,0x35,0x20},
	{0xA9,0x02,0x00,0xB5,0x2C,0x2C,0x00,0x01,0x00,0x87,0x00,0x02,0x25,0x35,0x30},
	{0xA9,0x02,0x00,0xB5,0x2C,0x2C,0x00,0x01,0x00,0x87,0x00,0x02,0x25,0x35,0x40},
	{0xA9,0x02,0x00,0xB5,0x2C,0x2C,0x00,0x01,0x00,0x87,0x00,0x02,0x25,0x35,0x50},
	{0xA9,0x02,0x00,0xB5,0x2C,0x2C,0x00,0x01,0x00,0x87,0x00,0x02,0x25,0x35,0x50},
	{0xA9,0x02,0x00,0xB5,0x2C,0x2C,0x00,0x01,0x00,0x87,0x00,0x02,0x25,0x35,0x50},
	{0xA9,0x02,0x00,0xB5,0x2C,0x2C,0x00,0x01,0x00,0x87,0x00,0x02,0x25,0x35,0x50},
	{0xA9,0x02,0x00,0xB5,0x2C,0x2C,0x00,0x01,0x00,0x87,0x00,0x02,0x25,0x35,0x60},
	{0xA9,0x02,0x00,0xB5,0x2C,0x2C,0x00,0x01,0x00,0x87,0x00,0x02,0x25,0x35,0x60},
	{0xA9,0x02,0x00,0xB5,0x2C,0x2C,0x00,0x01,0x00,0x87,0x00,0x02,0x25,0x35,0x60},
	{0xA9,0x02,0x00,0xB5,0x2C,0x2C,0x00,0x01,0x00,0x87,0x00,0x02,0x25,0x35,0x70},
	{0xA9,0x02,0x00,0xB5,0x2C,0x2C,0x00,0x01,0x00,0x87,0x00,0x02,0x25,0x35,0x70},
	{0xA9,0x02,0x00,0xB5,0x2C,0x2C,0x00,0x01,0x00,0x87,0x00,0x02,0x25,0x35,0x70},
	{0xA9,0x02,0x00,0xB5,0x2C,0x2C,0x00,0x01,0x00,0x87,0x00,0x02,0x25,0x35,0x80},
	{0xA9,0x02,0x00,0xB5,0x2C,0x2C,0x00,0x01,0x00,0x87,0x00,0x02,0x25,0x35,0x80},
	{0xA9,0x02,0x00,0xB5,0x2C,0x2C,0x00,0x01,0x00,0x87,0x00,0x02,0x25,0x35,0xA0},
	{0xA9,0x02,0x00,0xB5,0x2C,0x2C,0x00,0x01,0x00,0x87,0x00,0x02,0x25,0x35,0x90},
	{0xA9,0x02,0x00,0xB5,0x2C,0x2C,0x00,0x01,0x00,0x87,0x00,0x02,0x25,0x35,0xA0},
	{0xA9,0x02,0x00,0xB5,0x2C,0x2C,0x00,0x01,0x00,0x87,0x00,0x02,0x25,0x35,0xA0},
	{0xA9,0x02,0x00,0xB5,0x2C,0x2C,0x00,0x01,0x00,0x87,0x00,0x02,0x25,0x35,0xB0},
	{0xA9,0x02,0x00,0xB5,0x2C,0x2C,0x00,0x01,0x00,0x87,0x00,0x02,0x25,0x35,0xC0},
	{0xA9,0x02,0x00,0xB5,0x2C,0x2C,0x00,0x01,0x00,0x87,0x00,0x02,0x25,0x35,0xC0},
	{0xA9,0x02,0x00,0xB5,0x2C,0x2C,0x00,0x01,0x00,0x87,0x00,0x02,0x25,0x35,0xD0},
	{0xA9,0x02,0x00,0xB5,0x2C,0x2C,0x00,0x01,0x00,0x87,0x00,0x02,0x25,0x35,0xE0},
	{0xA9,0x02,0x00,0xB5,0x2C,0x2C,0x00,0x01,0x00,0x87,0x00,0x02,0x25,0x35,0xE0},
	{0xA9,0x02,0x00,0xB5,0x2C,0x2C,0x00,0x01,0x00,0x87,0x00,0x02,0x25,0x35,0xE0},
	{0xA9,0x02,0x00,0xB5,0x2C,0x2C,0x00,0x01,0x00,0x87,0x00,0x02,0x25,0x35,0xE0},
	{0xA9,0x02,0x00,0xB5,0x2C,0x2C,0x00,0x01,0x00,0x87,0x00,0x02,0x25,0x35,0xF0},
	{0xA9,0x02,0x00,0xB5,0x2C,0x2C,0x00,0x01,0x00,0x87,0x00,0x02,0x25,0x36,0x10},
	{0xA9,0x02,0x00,0xB5,0x2C,0x2C,0x00,0x01,0x00,0x87,0x00,0x02,0x25,0x36,0x10},
	{0xA9,0x02,0x00,0xB5,0x2C,0x2C,0x00,0x01,0x00,0x87,0x00,0x02,0x25,0x35,0xF0},
	{0xA9,0x02,0x00,0xB5,0x2C,0x2C,0x00,0x01,0x00,0x87,0x00,0x02,0x25,0x36,0x10},
	{0xA9,0x02,0x00,0xB5,0x2C,0x2C,0x00,0x01,0x00,0x87,0x00,0x02,0x25,0x36,0x20},
	{0xA9,0x02,0x00,0xB5,0x2C,0x2C,0x00,0x01,0x00,0x87,0x00,0x02,0x25,0x36,0x30},
	{0xA9,0x02,0x00,0xB5,0x2C,0x2C,0x00,0x01,0x00,0x87,0x00,0x02,0x25,0x36,0x40},
	{0xA9,0x02,0x00,0xB5,0x2C,0x2C,0x00,0x01,0x00,0x87,0x00,0x02,0x25,0x36,0x40},
	{0xA9,0x02,0x00,0xB5,0x2C,0x2C,0x00,0x01,0x00,0x87,0x00,0x02,0x25,0x36,0x30},
	{0xA9,0x02,0x00,0xB5,0x2C,0x2C,0x00,0x01,0x00,0x87,0x00,0x02,0x25,0x36,0x30},
	{0xA9,0x02,0x00,0xB5,0x2C,0x2C,0x00,0x01,0x00,0x87,0x00,0x02,0x25,0x36,0x50},
	{0xA9,0x02,0x00,0xB5,0x2C,0x2C,0x00,0x01,0x00,0x87,0x00,0x02,0x25,0x36,0x60},
	{0xA9,0x02,0x00,0xB5,0x2C,0x2C,0x00,0x01,0x00,0x87,0x00,0x02,0x25,0x36,0x60},
	{0xA9,0x02,0x00,0xB5,0x2C,0x2C,0x00,0x01,0x00,0x87,0x00,0x02,0x25,0x36,0x70},
	{0xA9,0x02,0x00,0xB5,0x2C,0x2C,0x00,0x01,0x00,0x87,0x00,0x02,0x25,0x36,0x70},
	{0xA9,0x02,0x00,0xB5,0x2C,0x2C,0x00,0x01,0x00,0x87,0x00,0x02,0x25,0x36,0x80},
	{0xA9,0x02,0x00,0xB5,0x2C,0x2C,0x00,0x01,0x00,0x87,0x00,0x02,0x25,0x36,0x80},
	{0xA9,0x02,0x00,0xB5,0x2C,0x2C,0x00,0x01,0x00,0x87,0x00,0x02,0x25,0x36,0xA0},
	{0xA9,0x02,0x00,0xB5,0x2C,0x2C,0x00,0x01,0x00,0x87,0x00,0x02,0x25,0x36,0x90},
	{0xA9,0x02,0x00,0xB5,0x2C,0x2C,0x00,0x01,0x00,0x87,0x00,0x02,0x25,0x36,0xA0},
	{0xA9,0x02,0x00,0xB5,0x2C,0x2C,0x00,0x01,0x00,0x87,0x00,0x02,0x25,0x36,0xA0},
	{0xA9,0x02,0x00,0xB5,0x2C,0x2C,0x00,0x01,0x00,0x87,0x00,0x02,0x25,0x36,0xB0},
	{0xA9,0x02,0x00,0xB5,0x2C,0x2C,0x00,0x01,0x00,0x87,0x00,0x02,0x25,0x36,0xC0},
	{0xA9,0x02,0x00,0xB5,0x2C,0x2C,0x00,0x01,0x00,0x87,0x00,0x02,0x25,0x36,0xC0},
	{0xA9,0x02,0x00,0xB5,0x2C,0x2C,0x00,0x01,0x00,0x87,0x00,0x02,0x25,0x36,0xD0},
	{0xA9,0x02,0x00,0xB5,0x2C,0x2C,0x00,0x01,0x00,0x87,0x00,0x02,0x25,0x36,0xB0},
	{0xA9,0x02,0x00,0xB5,0x2C,0x2C,0x00,0x01,0x00,0x87,0x00,0x02,0x25,0x36,0xC0},
	{0xA9,0x02,0x00,0xB5,0x2C,0x2C,0x00,0x01,0x00,0x87,0x00,0x02,0x25,0x36,0xD0},
	{0xA9,0x02,0x00,0xB5,0x2C,0x2C,0x00,0x01,0x00,0x87,0x00,0x02,0x25,0x36,0xE0},
	{0xA9,0x02,0x00,0xB5,0x2C,0x2C,0x00,0x01,0x00,0x87,0x00,0x02,0x25,0x36,0xE0},
	{0xA9,0x02,0x00,0xB5,0x2C,0x2C,0x00,0x01,0x00,0x87,0x00,0x02,0x25,0x37,0x00},
	{0xA9,0x02,0x00,0xB5,0x2C,0x2C,0x00,0x01,0x00,0x87,0x00,0x02,0x25,0x37,0x00},
	{0xA9,0x02,0x00,0xB5,0x2C,0x2C,0x00,0x01,0x00,0x87,0x00,0x02,0x25,0x37,0x00},
	{0xA9,0x02,0x00,0xB5,0x2C,0x2C,0x00,0x01,0x00,0x87,0x00,0x02,0x25,0x37,0x00},
	{0xA9,0x02,0x00,0xB5,0x2C,0x2C,0x00,0x01,0x00,0x87,0x00,0x02,0x25,0x37,0x10},
	{0xA9,0x02,0x00,0xB5,0x2C,0x2C,0x00,0x01,0x00,0x87,0x00,0x02,0x25,0x37,0x10},
	{0xA9,0x02,0x00,0xB5,0x2C,0x2C,0x00,0x01,0x00,0x87,0x00,0x02,0x25,0x37,0x20},
	{0xA9,0x02,0x00,0xB5,0x2C,0x2C,0x00,0x01,0x00,0x87,0x00,0x02,0x25,0x37,0x30},
	{0xA9,0x02,0x00,0xB5,0x2C,0x2C,0x00,0x01,0x00,0x87,0x00,0x02,0x25,0x37,0x40},
	{0xA9,0x02,0x00,0xB5,0x2C,0x2C,0x00,0x01,0x00,0x87,0x00,0x02,0x25,0x37,0x30},
	{0xA9,0x02,0x00,0xB5,0x2C,0x2C,0x00,0x01,0x00,0x87,0x00,0x02,0x25,0x37,0x40},
	{0xA9,0x02,0x00,0xB5,0x2C,0x2C,0x00,0x01,0x00,0x87,0x00,0x02,0x25,0x37,0x40},
	{0xA9,0x02,0x00,0xB5,0x2C,0x2C,0x00,0x01,0x00,0x87,0x00,0x02,0x25,0x37,0x50},
	{0xA9,0x02,0x00,0xB5,0x2C,0x2C,0x00,0x01,0x00,0x87,0x00,0x02,0x25,0x37,0x60},
	{0xA9,0x02,0x00,0xB5,0x2C,0x2C,0x00,0x01,0x00,0x87,0x00,0x02,0x25,0x37,0x60},
	{0xA9,0x02,0x00,0xB5,0x2C,0x2C,0x00,0x01,0x00,0x87,0x00,0x02,0x25,0x37,0x70},
	{0xA9,0x02,0x00,0xB5,0x2C,0x2C,0x00,0x01,0x00,0x87,0x00,0x02,0x25,0x37,0x60},
	{0xA9,0x02,0x00,0xB5,0x2C,0x2C,0x00,0x01,0x00,0x87,0x00,0x02,0x25,0x37,0x70},
	{0xA9,0x02,0x00,0xB5,0x2C,0x2C,0x00,0x01,0x00,0x87,0x00,0x02,0x25,0x37,0x80},
	{0xA9,0x02,0x00,0xB5,0x2C,0x2C,0x00,0x01,0x00,0x87,0x00,0x02,0x25,0x37,0x90},
	{0xA9,0x02,0x00,0xB5,0x2C,0x2C,0x00,0x01,0x00,0x87,0x00,0x02,0x25,0x37,0x90},
	{0xA9,0x02,0x00,0xB5,0x2C,0x2C,0x00,0x01,0x00,0x87,0x00,0x02,0x25,0x37,0xA0},
	{0xA9,0x02,0x00,0xB5,0x2C,0x2C,0x00,0x01,0x00,0x87,0x00,0x02,0x25,0x37,0xB0},
	{0xA9,0x02,0x00,0xB5,0x2C,0x2C,0x00,0x01,0x00,0x87,0x00,0x02,0x25,0x37,0xB0},
	{0xA9,0x02,0x00,0xB5,0x2C,0x2C,0x00,0x01,0x00,0x87,0x00,0x02,0x25,0x37,0xB0},
	{0xA9,0x02,0x00,0xB5,0x2C,0x2C,0x00,0x01,0x00,0x87,0x00,0x02,0x25,0x37,0xC0},
	{0xA9,0x02,0x00,0xB5,0x2C,0x2C,0x00,0x01,0x00,0x87,0x00,0x02,0x25,0x37,0xC0},
	{0xA9,0x02,0x00,0xB5,0x2C,0x2C,0x00,0x01,0x00,0x87,0x00,0x02,0x25,0x37,0xD0},
	{0xA9,0x02,0x00,0xB5,0x2C,0x2C,0x00,0x01,0x00,0x87,0x00,0x02,0x25,0x37,0xE0},
	{0xA9,0x02,0x00,0xB5,0x2C,0x2C,0x00,0x01,0x00,0x87,0x00,0x02,0x25,0x37,0xE0},
	{0xA9,0x02,0x00,0xB5,0x2C,0x2C,0x00,0x01,0x00,0x87,0x00,0x02,0x25,0x37,0xF0},
	{0xA9,0x02,0x00,0xB5,0x2C,0x2C,0x00,0x01,0x00,0x87,0x00,0x02,0x25,0x37,0xF0},
	{0xA9,0x02,0x00,0xB5,0x2C,0x2C,0x00,0x01,0x00,0x87,0x00,0x02,0x25,0x37,0xF0},
	{0xA9,0x02,0x00,0xB5,0x2C,0x2C,0x00,0x01,0x00,0x87,0x00,0x02,0x25,0x38,0x00},
	{0xA9,0x02,0x00,0xB5,0x2C,0x2C,0x00,0x01,0x00,0x87,0x00,0x02,0x25,0x38,0x00},
	{0xA9,0x02,0x00,0xB5,0x2C,0x2C,0x00,0x01,0x00,0x87,0x00,0x02,0x25,0x38,0x10},
	{0xA9,0x02,0x00,0xB5,0x2C,0x2C,0x00,0x01,0x00,0x87,0x00,0x02,0x25,0x38,0x20},
	{0xA9,0x02,0x00,0xB5,0x2C,0x2C,0x00,0x01,0x00,0x87,0x00,0x02,0x25,0x38,0x30},
	{0xA9,0x02,0x00,0xB5,0x2C,0x2C,0x00,0x01,0x00,0x87,0x00,0x02,0x25,0x38,0x20},
	{0xA9,0x02,0x00,0xB5,0x2C,0x2C,0x00,0x01,0x00,0x87,0x00,0x02,0x25,0x38,0x30},
	{0xA9,0x02,0x00,0xB5,0x2C,0x2C,0x00,0x01,0x00,0x87,0x00,0x02,0x25,0x38,0x30},
	{0xA9,0x02,0x00,0xB5,0x2C,0x2C,0x00,0x01,0x00,0x87,0x00,0x02,0x25,0x38,0x30},
	{0xA9,0x02,0x00,0xB5,0x2C,0x2C,0x00,0x01,0x00,0x87,0x00,0x02,0x25,0x38,0x40},
	{0xA9,0x02,0x00,0xB5,0x2C,0x2C,0x00,0x01,0x00,0x87,0x00,0x02,0x25,0x38,0x50},
	{0xA9,0x02,0x00,0xB5,0x2C,0x2C,0x00,0x01,0x00,0x87,0x00,0x02,0x25,0x38,0x60},
	{0xA9,0x02,0x00,0xB5,0x2C,0x2C,0x00,0x01,0x00,0x87,0x00,0x02,0x25,0x38,0x60},
	{0xA9,0x02,0x00,0xB5,0x2C,0x2C,0x00,0x01,0x00,0x87,0x00,0x02,0x25,0x38,0x70},
	{0xA9,0x02,0x00,0xB5,0x2C,0x2C,0x00,0x01,0x00,0x87,0x00,0x02,0x25,0x38,0x70},
	{0xA9,0x02,0x00,0xB5,0x2C,0x2C,0x00,0x01,0x00,0x87,0x00,0x02,0x25,0x38,0x70},
	{0xA9,0x02,0x00,0xB5,0x2C,0x2C,0x00,0x01,0x00,0x87,0x00,0x02,0x25,0x38,0x70},
	{0xA9,0x02,0x00,0xB5,0x2C,0x2C,0x00,0x01,0x00,0x87,0x00,0x02,0x25,0x38,0x90},
	{0xA9,0x02,0x00,0xB5,0x2C,0x2C,0x00,0x01,0x00,0x87,0x00,0x02,0x25,0x38,0x90},
	{0xA9,0x02,0x00,0xB5,0x2C,0x2C,0x00,0x01,0x00,0x87,0x00,0x02,0x25,0x38,0xA0},
	{0xA9,0x02,0x00,0xB5,0x2C,0x2C,0x00,0x01,0x00,0x87,0x00,0x02,0x25,0x38,0xB0},
	{0xA9,0x02,0x00,0xB5,0x2C,0x2C,0x00,0x01,0x00,0x87,0x00,0x02,0x25,0x38,0xB0},
	{0xA9,0x02,0x00,0xB5,0x2C,0x2C,0x00,0x01,0x00,0x87,0x00,0x02,0x25,0x38,0xB0},
	{0xA9,0x02,0x00,0xB5,0x2C,0x2C,0x00,0x01,0x00,0x87,0x00,0x02,0x25,0x38,0xC0},
	{0xA9,0x02,0x00,0xB5,0x2C,0x2C,0x00,0x01,0x00,0x87,0x00,0x02,0x25,0x38,0xC0},
	{0xA9,0x02,0x00,0xB5,0x2C,0x2C,0x00,0x01,0x00,0x87,0x00,0x02,0x25,0x38,0xC0},
	{0xA9,0x02,0x00,0xB5,0x2C,0x2C,0x00,0x01,0x00,0x87,0x00,0x02,0x25,0x38,0xD0},
	{0xA9,0x02,0x00,0xB5,0x2C,0x2C,0x00,0x01,0x00,0x87,0x00,0x02,0x25,0x38,0xE0},
	{0xA9,0x02,0x00,0xB5,0x2C,0x2C,0x00,0x01,0x00,0x87,0x00,0x02,0x25,0x38,0xE0},
	{0xA9,0x02,0x00,0xB5,0x2C,0x2C,0x00,0x01,0x00,0x87,0x00,0x02,0x25,0x38,0xE0},
	{0xA9,0x02,0x00,0xB5,0x2C,0x2C,0x00,0x01,0x00,0x87,0x00,0x02,0x25,0x38,0xF0},
	{0xA9,0x02,0x00,0xB5,0x2C,0x2C,0x00,0x01,0x00,0x87,0x00,0x02,0x25,0x38,0xE0},
	{0xA9,0x02,0x00,0xB5,0x2C,0x2C,0x00,0x01,0x00,0x87,0x00,0x02,0x25,0x38,0xF0},
	{0xA9,0x02,0x00,0xB5,0x2C,0x2C,0x00,0x01,0x00,0x87,0x00,0x02,0x25,0x39,0x00},
	{0xA9,0x02,0x00,0xB5,0x2C,0x2C,0x00,0x01,0x00,0x87,0x00,0x02,0x25,0x39,0x10},
	{0xA9,0x02,0x00,0xB5,0x2C,0x2C,0x00,0x01,0x00,0x87,0x00,0x02,0x25,0x39,0x20},
	{0xA9,0x02,0x00,0xB5,0x2C,0x2C,0x00,0x01,0x00,0x87,0x00,0x02,0x25,0x39,0x20},
	{0xA9,0x02,0x00,0xB5,0x2C,0x2C,0x00,0x01,0x00,0x87,0x00,0x02,0x25,0x39,0x20},
	{0xA9,0x02,0x00,0xB5,0x2C,0x2C,0x00,0x01,0x00,0x87,0x00,0x02,0x25,0x39,0x30},
	{0xA9,0x02,0x00,0xB5,0x2C,0x2C,0x00,0x01,0x00,0x87,0x00,0x02,0x25,0x39,0x40},
	{0xA9,0x02,0x00,0xB5,0x2C,0x2C,0x00,0x01,0x00,0x87,0x00,0x02,0x25,0x39,0x50},
	{0xA9,0x02,0x00,0xB5,0x2C,0x2C,0x00,0x01,0x00,0x87,0x00,0x02,0x25,0x39,0x50},
	{0xA9,0x02,0x00,0xB5,0x2C,0x2C,0x00,0x01,0x00,0x87,0x00,0x02,0x25,0x39,0x50},
	{0xA9,0x02,0x00,0xB5,0x2C,0x2C,0x00,0x01,0x00,0x87,0x00,0x02,0x25,0x39,0x60},
	{0xA9,0x02,0x00,0xB5,0x2C,0x2C,0x00,0x01,0x00,0x87,0x00,0x02,0x25,0x39,0x50},
	{0xA9,0x02,0x00,0xB5,0x2C,0x2C,0x00,0x01,0x00,0x87,0x00,0x02,0x25,0x39,0x60},
	{0xA9,0x02,0x00,0xB5,0x2C,0x2C,0x00,0x01,0x00,0x87,0x00,0x02,0x25,0x39,0x70},
	{0xA9,0x02,0x00,0xB5,0x2C,0x2C,0x00,0x01,0x00,0x87,0x00,0x02,0x25,0x39,0x70},
	{0xA9,0x02,0x00,0xB5,0x2C,0x2C,0x00,0x01,0x00,0x87,0x00,0x02,0x25,0x39,0x80},
	{0xA9,0x02,0x00,0xB5,0x2C,0x2C,0x00,0x01,0x00,0x87,0x00,0x02,0x25,0x39,0x90},
	{0xA9,0x02,0x00,0xB5,0x2C,0x2C,0x00,0x01,0x00,0x87,0x00,0x02,0x25,0x39,0x90},
	{0xA9,0x02,0x00,0xB5,0x2C,0x2C,0x00,0x01,0x00,0x87,0x00,0x02,0x25,0x39,0xA0},
	{0xA9,0x02,0x00,0xB5,0x2C,0x2C,0x00,0x01,0x00,0x87,0x00,0x02,0x25,0x39,0xA0},
	{0xA9,0x02,0x00,0xB5,0x2C,0x2C,0x00,0x01,0x00,0x87,0x00,0x02,0x25,0x39,0xB0},
	{0xA9,0x02,0x00,0xB5,0x2C,0x2C,0x00,0x01,0x00,0x87,0x00,0x02,0x25,0x39,0xC0},
	{0xA9,0x02,0x00,0xB5,0x2C,0x2C,0x00,0x01,0x00,0x87,0x00,0x02,0x25,0x39,0xC0},
	{0xA9,0x02,0x00,0xB5,0x2C,0x2C,0x00,0x01,0x00,0x87,0x00,0x02,0x25,0x39,0xD0},
	{0xA9,0x02,0x00,0xB5,0x2C,0x2C,0x00,0x01,0x00,0x87,0x00,0x02,0x25,0x39,0xD0},
	{0xA9,0x02,0x00,0xB5,0x2C,0x2C,0x00,0x01,0x00,0x87,0x00,0x02,0x25,0x39,0xE0},
	{0xA9,0x02,0x00,0xB5,0x2C,0x2C,0x00,0x01,0x00,0x87,0x00,0x02,0x25,0x39,0xE0},
	{0xA9,0x02,0x00,0xB5,0x2C,0x2C,0x00,0x01,0x00,0x87,0x00,0x02,0x25,0x39,0xF0},
	{0xA9,0x02,0x00,0xB5,0x2C,0x2C,0x00,0x01,0x00,0x87,0x00,0x02,0x25,0x39,0xF0},
	{0xA9,0x02,0x00,0xB5,0x2C,0x2C,0x00,0x01,0x00,0x87,0x00,0x02,0x25,0x3A,0x00},
	{0xA9,0x02,0x00,0xB5,0x2C,0x2C,0x00,0x01,0x00,0x87,0x00,0x02,0x25,0x3A,0x00},
	{0xA9,0x02,0x00,0xB5,0x2C,0x2C,0x00,0x01,0x00,0x87,0x00,0x02,0x25,0x3A,0x00},
	{0xA9,0x02,0x00,0xB5,0x2C,0x2C,0x00,0x01,0x00,0x87,0x00,0x02,0x25,0x3A,0x10},
	{0xA9,0x02,0x00,0xB5,0x2C,0x2C,0x00,0x01,0x00,0x87,0x00,0x02,0x25,0x3A,0x10},
	{0xA9,0x02,0x00,0xB5,0x2C,0x2C,0x00,0x01,0x00,0x87,0x00,0x02,0x25,0x3A,0x20},
	{0xA9,0x02,0x00,0xB5,0x2C,0x2C,0x00,0x01,0x00,0x87,0x00,0x02,0x25,0x3A,0x30},
	{0xA9,0x02,0x00,0xB5,0x2C,0x2C,0x00,0x01,0x00,0x87,0x00,0x02,0x25,0x3A,0x40},
	{0xA9,0x02,0x00,0xB5,0x2C,0x2C,0x00,0x01,0x00,0x87,0x00,0x02,0x25,0x3A,0x40},
	{0xA9,0x02,0x00,0xB5,0x2C,0x2C,0x00,0x01,0x00,0x87,0x00,0x02,0x25,0x3A,0x40},
	{0xA9,0x02,0x00,0xB5,0x2C,0x2C,0x00,0x01,0x00,0x87,0x00,0x02,0x25,0x3A,0x50},
	{0xA9,0x02,0x00,0xB5,0x2C,0x2C,0x00,0x01,0x00,0x87,0x00,0x02,0x25,0x3A,0x50},
	{0xA9,0x02,0x00,0xB5,0x2C,0x2C,0x00,0x01,0x00,0x87,0x00,0x02,0x25,0x3A,0x50},
	{0xA9,0x02,0x00,0xB5,0x2C,0x2C,0x00,0x01,0x00,0x87,0x00,0x02,0x25,0x3A,0x70},
	{0xA9,0x02,0x00,0xB5,0x2C,0x2C,0x00,0x01,0x00,0x87,0x00,0x02,0x25,0x3A,0x70},
	{0xA9,0x02,0x00,0xB5,0x2C,0x2C,0x00,0x01,0x00,0x87,0x00,0x02,0x25,0x3A,0x80},
	{0xA9,0x02,0x00,0xB5,0x2C,0x2C,0x00,0x01,0x00,0x87,0x00,0x02,0x25,0x3A,0x80},
	{0xA9,0x02,0x00,0xB5,0x2C,0x2C,0x00,0x01,0x00,0x87,0x00,0x02,0x25,0x3A,0x90},
	{0xA9,0x02,0x00,0xB5,0x2C,0x2C,0x00,0x01,0x00,0x87,0x00,0x02,0x25,0x3A,0xA0},
	{0xA9,0x02,0x00,0xB5,0x2C,0x2C,0x00,0x01,0x00,0x87,0x00,0x02,0x25,0x3A,0xA0},
	{0xA9,0x02,0x00,0xB5,0x2C,0x2C,0x00,0x01,0x00,0x87,0x00,0x02,0x25,0x3A,0xB0},
	{0xA9,0x02,0x00,0xB5,0x2C,0x2C,0x00,0x01,0x00,0x87,0x00,0x02,0x25,0x3A,0xB0},
	{0xA9,0x02,0x00,0xB5,0x2C,0x2C,0x00,0x01,0x00,0x87,0x00,0x02,0x25,0x3A,0x90},
	{0xA9,0x02,0x00,0xB5,0x2C,0x2C,0x00,0x01,0x00,0x87,0x00,0x02,0x25,0x3A,0xA0},
	{0xA9,0x02,0x00,0xB5,0x2C,0x2C,0x00,0x01,0x00,0x87,0x00,0x02,0x25,0x3A,0xC0},
	{0xA9,0x02,0x00,0xB5,0x2C,0x2C,0x00,0x01,0x00,0x87,0x00,0x02,0x25,0x3A,0xD0},
	{0xA9,0x02,0x00,0xB5,0x2C,0x2C,0x00,0x01,0x00,0x87,0x00,0x02,0x25,0x3A,0xE0},
	{0xA9,0x02,0x00,0xB5,0x2C,0x2C,0x00,0x01,0x00,0x87,0x00,0x02,0x25,0x3A,0xA0},
	{0xA9,0x02,0x00,0xB5,0x2C,0x2C,0x00,0x01,0x00,0x87,0x00,0x02,0x25,0x3A,0xD0},
	{0xA9,0x02,0x00,0xB5,0x2C,0x2C,0x00,0x01,0x00,0x87,0x00,0x02,0x25,0x3A,0xE0},
	{0xA9,0x02,0x00,0xB5,0x2C,0x2C,0x00,0x01,0x00,0x87,0x00,0x02,0x25,0x3A,0xE0},
	{0xA9,0x02,0x00,0xB5,0x2C,0x2C,0x00,0x01,0x00,0x87,0x00,0x02,0x25,0x3B,0x00},
	{0xA9,0x02,0x00,0xB5,0x2C,0x2C,0x00,0x01,0x00,0x87,0x00,0x02,0x25,0x3B,0x10},
	{0xA9,0x02,0x00,0xB5,0x2C,0x2C,0x00,0x01,0x00,0x87,0x00,0x02,0x25,0x3B,0x10},
	{0xA9,0x02,0x00,0xB5,0x2C,0x2C,0x00,0x01,0x00,0x87,0x00,0x02,0x25,0x3B,0x10},
	{0xA9,0x02,0x00,0xB5,0x2C,0x2C,0x00,0x01,0x00,0x87,0x00,0x02,0x25,0x3B,0x10},
	{0xA9,0x02,0x00,0xB5,0x2C,0x2C,0x00,0x01,0x00,0x87,0x00,0x02,0x25,0x3B,0x20},
	{0xA9,0x02,0x00,0xB5,0x2C,0x2C,0x00,0x01,0x00,0x87,0x00,0x02,0x25,0x3B,0x20},
	{0xA9,0x02,0x00,0xB5,0x2C,0x2C,0x00,0x01,0x00,0x87,0x00,0x02,0x25,0x3B,0x30},
	{0xA9,0x02,0x00,0xB5,0x2C,0x2C,0x00,0x01,0x00,0x87,0x00,0x02,0x25,0x3B,0x40},
	{0xA9,0x02,0x00,0xB5,0x2C,0x2C,0x00,0x01,0x00,0x87,0x00,0x02,0x25,0x3B,0x40},
	{0xA9,0x02,0x00,0xB5,0x2C,0x2C,0x00,0x01,0x00,0x87,0x00,0x02,0x25,0x3B,0x50},
	{0xA9,0x02,0x00,0xB5,0x2C,0x2C,0x00,0x01,0x00,0x87,0x00,0x02,0x25,0x3B,0x40},
	{0xA9,0x02,0x00,0xB5,0x2C,0x2C,0x00,0x01,0x00,0x87,0x00,0x02,0x25,0x3B,0x50},
	{0xA9,0x02,0x00,0xB5,0x2C,0x2C,0x00,0x01,0x00,0x87,0x00,0x02,0x25,0x3B,0x60},
	{0xA9,0x02,0x00,0xB5,0x2C,0x2C,0x00,0x01,0x00,0x87,0x00,0x02,0x25,0x3B,0x50},
	{0xA9,0x02,0x00,0xB5,0x2C,0x2C,0x00,0x01,0x00,0x87,0x00,0x02,0x25,0x3B,0x40},
	{0xA9,0x02,0x00,0xB5,0x2C,0x2C,0x00,0x01,0x00,0x87,0x00,0x02,0x25,0x3B,0x50},
	{0xA9,0x02,0x00,0xB5,0x2C,0x2C,0x00,0x01,0x00,0x87,0x00,0x02,0x25,0x3B,0x60},
	{0xA9,0x02,0x00,0xB5,0x2C,0x2C,0x00,0x01,0x00,0x87,0x00,0x02,0x25,0x3B,0x90},
	{0xA9,0x02,0x00,0xB5,0x2C,0x2C,0x00,0x01,0x00,0x87,0x00,0x02,0x25,0x3B,0xA0},
	{0xA9,0x02,0x00,0xB5,0x2C,0x2C,0x00,0x01,0x00,0x87,0x00,0x02,0x25,0x3B,0xA0},
	{0xA9,0x02,0x00,0xB5,0x2C,0x2C,0x00,0x01,0x00,0x87,0x00,0x02,0x25,0x3B,0xA0},
	{0xA9,0x02,0x00,0xB5,0x2C,0x2C,0x00,0x01,0x00,0x87,0x00,0x02,0x25,0x3B,0x90},
	{0xA9,0x02,0x00,0xB5,0x2C,0x2C,0x00,0x01,0x00,0x87,0x00,0x02,0x25,0x3B,0x90},
	{0xA9,0x02,0x00,0xB5,0x2C,0x2C,0x00,0x01,0x00,0x87,0x00,0x02,0x25,0x3B,0x90},
	{0xA9,0x02,0x00,0xB5,0x2C,0x2C,0x00,0x01,0x00,0x87,0x00,0x02,0x25,0x3B,0xC0},
	{0xA9,0x02,0x00,0xB5,0x2C,0x2C,0x00,0x01,0x00,0x87,0x00,0x02,0x25,0x3B,0xD0},
	{0xA9,0x02,0x00,0xB5,0x2C,0x2C,0x00,0x01,0x00,0x87,0x00,0x02,0x25,0x3B,0xE0},
	{0xA9,0x02,0x00,0xB5,0x2C,0x2C,0x00,0x01,0x00,0x87,0x00,0x02,0x25,0x3B,0xE0},
	{0xA9,0x02,0x00,0xB5,0x2C,0x2C,0x00,0x01,0x00,0x87,0x00,0x02,0x25,0x3B,0xD0},
	{0xA9,0x02,0x00,0xB5,0x2C,0x2C,0x00,0x01,0x00,0x87,0x00,0x02,0x25,0x3B,0xD0},
	{0xA9,0x02,0x00,0xB5,0x2C,0x2C,0x00,0x01,0x00,0x87,0x00,0x02,0x25,0x3B,0xD0},
	{0xA9,0x02,0x00,0xB5,0x2C,0x2C,0x00,0x01,0x00,0x87,0x00,0x02,0x25,0x3B,0xE0},
	{0xA9,0x02,0x00,0xB5,0x2C,0x2C,0x00,0x01,0x00,0x87,0x00,0x02,0x25,0x3C,0x10},
	{0xA9,0x02,0x00,0xB5,0x2C,0x2C,0x00,0x01,0x00,0x87,0x00,0x02,0x25,0x3C,0x10},
	{0xA9,0x02,0x00,0xB5,0x2C,0x2C,0x00,0x01,0x00,0x87,0x00,0x02,0x25,0x3C,0x10},
	{0xA9,0x02,0x00,0xB5,0x2C,0x2C,0x00,0x01,0x00,0x87,0x00,0x02,0x25,0x3C,0x10},
	{0xA9,0x02,0x00,0xB5,0x2C,0x2C,0x00,0x01,0x00,0x87,0x00,0x02,0x25,0x3C,0x20},
	{0xA9,0x02,0x00,0xB5,0x2C,0x2C,0x00,0x01,0x00,0x87,0x00,0x02,0x25,0x3C,0x20},
	{0xA9,0x02,0x00,0xB5,0x2C,0x2C,0x00,0x01,0x00,0x87,0x00,0x02,0x25,0x3C,0x30},
	{0xA9,0x02,0x00,0xB5,0x2C,0x2C,0x00,0x01,0x00,0x87,0x00,0x02,0x25,0x3C,0x30},
	{0xA9,0x02,0x00,0xB5,0x2C,0x2C,0x00,0x01,0x00,0x87,0x00,0x02,0x25,0x3C,0x50},
	{0xA9,0x02,0x00,0xB5,0x2C,0x2C,0x00,0x01,0x00,0x87,0x00,0x02,0x25,0x3C,0x30},
	{0xA9,0x02,0x00,0xB5,0x2C,0x2C,0x00,0x01,0x00,0x87,0x00,0x02,0x25,0x3C,0x30},
	{0xA9,0x02,0x00,0xB5,0x2C,0x2C,0x00,0x01,0x00,0x87,0x00,0x02,0x25,0x3C,0x50},
	{0xA9,0x02,0x00,0xB5,0x2C,0x2C,0x00,0x01,0x00,0x87,0x00,0x02,0x25,0x3C,0x60},
	{0xA9,0x02,0x00,0xB5,0x2C,0x2C,0x00,0x01,0x00,0x87,0x00,0x02,0x25,0x3C,0x70},
	{0xA9,0x02,0x00,0xB5,0x2C,0x2C,0x00,0x01,0x00,0x87,0x00,0x02,0x25,0x3C,0x60},
	{0xA9,0x02,0x00,0xB5,0x2C,0x2C,0x00,0x01,0x00,0x87,0x00,0x02,0x25,0x3C,0x60},
	{0xA9,0x02,0x00,0xB5,0x2C,0x2C,0x00,0x01,0x00,0x87,0x00,0x02,0x25,0x3C,0x70},
	{0xA9,0x02,0x00,0xB5,0x2C,0x2C,0x00,0x01,0x00,0x87,0x00,0x02,0x25,0x3C,0x80},
	{0xA9,0x02,0x00,0xB5,0x2C,0x2C,0x00,0x01,0x00,0x87,0x00,0x02,0x25,0x3C,0xA0},
	{0xA9,0x02,0x00,0xB5,0x2C,0x2C,0x00,0x01,0x00,0x87,0x00,0x02,0x25,0x3C,0xA0},
	{0xA9,0x02,0x00,0xB5,0x2C,0x2C,0x00,0x01,0x00,0x87,0x00,0x02,0x25,0x3C,0xB0},
	{0xA9,0x02,0x00,0xB5,0x2C,0x2C,0x00,0x01,0x00,0x87,0x00,0x02,0x25,0x3C,0xA0},
	{0xA9,0x02,0x00,0xB5,0x2C,0x2C,0x00,0x01,0x00,0x87,0x00,0x02,0x25,0x3C,0xB0},
	{0xA9,0x02,0x00,0xB5,0x2C,0x2C,0x00,0x01,0x00,0x87,0x00,0x02,0x25,0x3C,0xB0},
	{0xA9,0x02,0x00,0xB5,0x2C,0x2C,0x00,0x01,0x00,0x87,0x00,0x02,0x25,0x3C,0xD0},
	{0xA9,0x02,0x00,0xB5,0x2C,0x2C,0x00,0x01,0x00,0x87,0x00,0x02,0x25,0x3C,0xE0},
	{0xA9,0x02,0x00,0xB5,0x2C,0x2C,0x00,0x01,0x00,0x87,0x00,0x02,0x25,0x3C,0xF0},
	{0xA9,0x02,0x00,0xB5,0x2C,0x2C,0x00,0x01,0x00,0x87,0x00,0x02,0x25,0x3C,0xF0},
	{0xA9,0x02,0x00,0xB5,0x2C,0x2C,0x00,0x01,0x00,0x87,0x00,0x02,0x25,0x3C,0xF0},
	{0xA9,0x02,0x00,0xB5,0x2C,0x2C,0x00,0x01,0x00,0x87,0x00,0x02,0x25,0x3C,0xF0},
	{0xA9,0x02,0x00,0xB5,0x2C,0x2C,0x00,0x01,0x00,0x87,0x00,0x02,0x25,0x3D,0x00},
	{0xA9,0x02,0x00,0xB5,0x2C,0x2C,0x00,0x01,0x00,0x87,0x00,0x02,0x25,0x3D,0x00},
	{0xA9,0x02,0x00,0xB5,0x2C,0x2C,0x00,0x01,0x00,0x87,0x00,0x02,0x25,0x3C,0xF0},
	{0xA9,0x02,0x00,0xB5,0x2C,0x2C,0x00,0x01,0x00,0x87,0x00,0x02,0x25,0x3D,0x00},
	{0xA9,0x02,0x00,0xB5,0x2C,0x2C,0x00,0x01,0x00,0x87,0x00,0x02,0x25,0x3D,0x10},
	{0xA9,0x02,0x00,0xB5,0x2C,0x2C,0x00,0x01,0x00,0x87,0x00,0x02,0x25,0x3D,0x10},
	{0xA9,0x02,0x00,0xB5,0x2C,0x2C,0x00,0x01,0x00,0x87,0x00,0x02,0x25,0x3D,0x30},
	{0xA9,0x02,0x00,0xB5,0x2C,0x2C,0x00,0x01,0x00,0x87,0x00,0x02,0x25,0x3D,0x40},
	{0xA9,0x02,0x00,0xB5,0x2C,0x2C,0x00,0x01,0x00,0x87,0x00,0x02,0x25,0x3D,0x40},
	{0xA9,0x02,0x00,0xB5,0x2C,0x2C,0x00,0x01,0x00,0x87,0x00,0x02,0x25,0x3D,0x30},
	{0xA9,0x02,0x00,0xB5,0x2C,0x2C,0x00,0x01,0x00,0x87,0x00,0x02,0x25,0x3D,0x30},
	{0xA9,0x02,0x00,0xB5,0x2C,0x2C,0x00,0x01,0x00,0x87,0x00,0x02,0x25,0x3D,0x40},
	{0xA9,0x02,0x00,0xB5,0x2C,0x2C,0x00,0x01,0x00,0x87,0x00,0x02,0x25,0x3D,0x40},
	{0xA9,0x02,0x00,0xB5,0x2C,0x2C,0x00,0x01,0x00,0x87,0x00,0x02,0x25,0x3D,0x60},
	{0xA9,0x02,0x00,0xB5,0x2C,0x2C,0x00,0x01,0x00,0x87,0x00,0x02,0x25,0x3D,0x70},
	{0xA9,0x02,0x00,0xB5,0x2C,0x2C,0x00,0x01,0x00,0x87,0x00,0x02,0x25,0x3D,0x70},
	{0xA9,0x02,0x00,0xB5,0x2C,0x2C,0x00,0x01,0x00,0x87,0x00,0x02,0x25,0x3D,0x70},
	{0xA9,0x02,0x00,0xB5,0x2C,0x2C,0x00,0x01,0x00,0x87,0x00,0x02,0x25,0x3D,0x70},
	{0xA9,0x02,0x00,0xB5,0x2C,0x2C,0x00,0x01,0x00,0x87,0x00,0x02,0x25,0x3D,0x70},
	{0xA9,0x02,0x00,0xB5,0x2C,0x2C,0x00,0x01,0x00,0x87,0x00,0x02,0x25,0x3D,0x80},
	{0xA9,0x02,0x00,0xB5,0x2C,0x2C,0x00,0x01,0x00,0x87,0x00,0x02,0x25,0x3D,0x80},
	{0xA9,0x02,0x00,0xB5,0x2C,0x2C,0x00,0x01,0x00,0x87,0x00,0x02,0x25,0x3D,0xB0},
	{0xA9,0x02,0x00,0xB5,0x2C,0x2C,0x00,0x01,0x00,0x87,0x00,0x02,0x25,0x3D,0xC0},
	{0xA9,0x02,0x00,0xB5,0x2C,0x2C,0x00,0x01,0x00,0x87,0x00,0x02,0x25,0x3D,0xC0},
	{0xA9,0x02,0x00,0xB5,0x2C,0x2C,0x00,0x01,0x00,0x87,0x00,0x02,0x25,0x3D,0xC0},
	{0xA9,0x02,0x00,0xB5,0x2C,0x2C,0x00,0x01,0x00,0x87,0x00,0x02,0x25,0x3D,0xC0},
	{0xA9,0x02,0x00,0xB5,0x2C,0x2C,0x00,0x01,0x00,0x87,0x00,0x02,0x25,0x3D,0xC0},
	{0xA9,0x02,0x00,0xB5,0x2C,0x2C,0x00,0x01,0x00,0x87,0x00,0x02,0x25,0x3D,0xC0},
	{0xA9,0x02,0x00,0xB5,0x2C,0x2C,0x00,0x01,0x00,0x87,0x00,0x02,0x25,0x3D,0xF0},
	{0xA9,0x02,0x00,0xB5,0x2C,0x2C,0x00,0x01,0x00,0x87,0x00,0x02,0x25,0x3E,0x00},
	{0xA9,0x02,0x00,0xB5,0x2C,0x2C,0x00,0x01,0x00,0x87,0x00,0x02,0x25,0x3E,0x00},
	{0xA9,0x02,0x00,0xB5,0x2C,0x2C,0x00,0x01,0x00,0x87,0x00,0x02,0x25,0x3E,0x00},
	{0xA9,0x02,0x00,0xB5,0x2C,0x2C,0x00,0x01,0x00,0x87,0x00,0x02,0x25,0x3D,0xF0},
	{0xA9,0x02,0x00,0xB5,0x2C,0x2C,0x00,0x01,0x00,0x87,0x00,0x02,0x25,0x3E,0x00},
	{0xA9,0x02,0x00,0xB5,0x2C,0x2C,0x00,0x01,0x00,0x87,0x00,0x02,0x25,0x3E,0x00},
	{0xA9,0x02,0x00,0xB5,0x2C,0x2C,0x00,0x01,0x00,0x87,0x00,0x02,0x25,0x3E,0x30},
	{0xA9,0x02,0x00,0xB5,0x2C,0x2C,0x00,0x01,0x00,0x87,0x00,0x02,0x25,0x3E,0x40},
	{0xA9,0x02,0x00,0xB5,0x2C,0x2C,0x00,0x01,0x00,0x87,0x00,0x02,0x25,0x3E,0x40},
	{0xA9,0x02,0x00,0xB5,0x2C,0x2C,0x00,0x01,0x00,0x87,0x00,0x02,0x25,0x3E,0x40},
	{0xA9,0x02,0x00,0xB5,0x2C,0x2C,0x00,0x01,0x00,0x87,0x00,0x02,0x25,0x3E,0x30},
	{0xA9,0x02,0x00,0xB5,0x2C,0x2C,0x00,0x01,0x00,0x87,0x00,0x02,0x25,0x3E,0x30},
	{0xA9,0x02,0x00,0xB5,0x2C,0x2C,0x00,0x01,0x00,0x87,0x00,0x02,0x25,0x3E,0x40},
	{0xA9,0x02,0x00,0xB5,0x2C,0x2C,0x00,0x01,0x00,0x87,0x00,0x02,0x25,0x3E,0x70},
	{0xA9,0x02,0x00,0xB5,0x2C,0x2C,0x00,0x01,0x00,0x87,0x00,0x02,0x25,0x3E,0x80},
	{0xA9,0x02,0x00,0xB5,0x2C,0x2C,0x00,0x01,0x00,0x87,0x00,0x02,0x25,0x3E,0x60},
	{0xA9,0x02,0x00,0xB5,0x2C,0x2C,0x00,0x01,0x00,0x87,0x00,0x02,0x25,0x3E,0x80},
	{0xA9,0x02,0x00,0xB5,0x2C,0x2C,0x00,0x01,0x00,0x87,0x00,0x02,0x25,0x3E,0x60},
	{0xA9,0x02,0x00,0xB5,0x2C,0x2C,0x00,0x01,0x00,0x87,0x00,0x02,0x25,0x3E,0x60},
	{0xA9,0x02,0x00,0xB5,0x2C,0x2C,0x00,0x01,0x00,0x87,0x00,0x02,0x25,0x3E,0x70},
	{0xA9,0x02,0x00,0xB5,0x2C,0x2C,0x00,0x01,0x00,0x87,0x00,0x02,0x25,0x3E,0x80},
	{0xA9,0x02,0x00,0xB5,0x2C,0x2C,0x00,0x01,0x00,0x87,0x00,0x02,0x25,0x3E,0xB0},
	{0xA9,0x02,0x00,0xB5,0x2C,0x2C,0x00,0x01,0x00,0x87,0x00,0x02,0x25,0x3E,0xA0},
	{0xA9,0x02,0x00,0xB5,0x2C,0x2C,0x00,0x01,0x00,0x87,0x00,0x02,0x25,0x3E,0xB0},
	{0xA9,0x02,0x00,0xB5,0x2C,0x2C,0x00,0x01,0x00,0x87,0x00,0x02,0x25,0x3E,0xA0},
	{0xA9,0x02,0x00,0xB5,0x2C,0x2C,0x00,0x01,0x00,0x87,0x00,0x02,0x25,0x3E,0xB0},
	{0xA9,0x02,0x00,0xB5,0x2C,0x2C,0x00,0x01,0x00,0x87,0x00,0x02,0x25,0x3E,0xB0},
	{0xA9,0x02,0x00,0xB5,0x2C,0x2C,0x00,0x01,0x00,0x87,0x00,0x02,0x25,0x3E,0xB0},
	{0xA9,0x02,0x00,0xB5,0x2C,0x2C,0x00,0x01,0x00,0x87,0x00,0x02,0x25,0x3E,0xE0},
	{0xA9,0x02,0x00,0xB5,0x2C,0x2C,0x00,0x01,0x00,0x87,0x00,0x02,0x25,0x3E,0xC0},
	{0xA9,0x02,0x00,0xB5,0x2C,0x2C,0x00,0x01,0x00,0x87,0x00,0x02,0x25,0x3E,0xD0},
	{0xA9,0x02,0x00,0xB5,0x2C,0x2C,0x00,0x01,0x00,0x87,0x00,0x02,0x25,0x3E,0xE0},
	{0xA9,0x02,0x00,0xB5,0x2C,0x2C,0x00,0x01,0x00,0x87,0x00,0x02,0x25,0x3E,0xF0},
	{0xA9,0x02,0x00,0xB5,0x2C,0x2C,0x00,0x01,0x00,0x87,0x00,0x02,0x25,0x3E,0xF0},
	{0xA9,0x02,0x00,0xB5,0x2C,0x2C,0x00,0x01,0x00,0x87,0x00,0x02,0x25,0x3F,0x00},
	{0xA9,0x02,0x00,0xB5,0x2C,0x2C,0x00,0x01,0x00,0x87,0x00,0x02,0x25,0x3F,0x10},
	{0xA9,0x02,0x00,0xB5,0x2C,0x2C,0x00,0x01,0x00,0x87,0x00,0x02,0x25,0x3F,0x10},
	{0xA9,0x02,0x00,0xB5,0x2C,0x2C,0x00,0x01,0x00,0x87,0x00,0x02,0x25,0x3F,0x10},
	{0xA9,0x02,0x00,0xB5,0x2C,0x2C,0x00,0x01,0x00,0x87,0x00,0x02,0x25,0x3F,0x20},
	{0xA9,0x02,0x00,0xB5,0x2C,0x2C,0x00,0x01,0x00,0x87,0x00,0x02,0x25,0x3F,0x50},
	{0xA9,0x02,0x00,0xB5,0x2C,0x2C,0x00,0x01,0x00,0x87,0x00,0x02,0x25,0x3F,0x50},
	{0xA9,0x02,0x00,0xB5,0x2C,0x2C,0x00,0x01,0x00,0x87,0x00,0x02,0x25,0x3F,0x60},
	{0xA9,0x02,0x00,0xB5,0x2C,0x2C,0x00,0x01,0x00,0x87,0x00,0x02,0x25,0x3F,0x40},
	{0xA9,0x02,0x00,0xB5,0x2C,0x2C,0x00,0x01,0x00,0x87,0x00,0x02,0x25,0x3F,0x40},
	{0xA9,0x02,0x00,0xB5,0x2C,0x2C,0x00,0x01,0x00,0x87,0x00,0x02,0x25,0x3F,0x50},
	{0xA9,0x02,0x00,0xB5,0x2C,0x2C,0x00,0x01,0x00,0x87,0x00,0x02,0x25,0x3F,0x60},
	{0xA9,0x02,0x00,0xB5,0x2C,0x2C,0x00,0x01,0x00,0x87,0x00,0x02,0x25,0x3F,0x80},
	{0xA9,0x02,0x00,0xB5,0x2C,0x2C,0x00,0x01,0x00,0x87,0x00,0x02,0x25,0x3F,0x80},
	{0xA9,0x02,0x00,0xB5,0x2C,0x2C,0x00,0x01,0x00,0x87,0x00,0x02,0x25,0x3F,0xA0},
	{0xA9,0x02,0x00,0xB5,0x2C,0x2C,0x00,0x01,0x00,0x87,0x00,0x02,0x25,0x3F,0xA0},
	{0xA9,0x02,0x00,0xB5,0x2C,0x2C,0x00,0x01,0x00,0x87,0x00,0x02,0x25,0x3F,0x80},
	{0xA9,0x02,0x00,0xB5,0x2C,0x2C,0x00,0x01,0x00,0x87,0x00,0x02,0x25,0x3F,0x90},
	{0xA9,0x02,0x00,0xB5,0x2C,0x2C,0x00,0x01,0x00,0x87,0x00,0x02,0x25,0x3F,0x90},
	{0xA9,0x02,0x00,0xB5,0x2C,0x2C,0x00,0x01,0x00,0x87,0x00,0x02,0x25,0x3F,0xA0},
	{0xA9,0x02,0x00,0xB5,0x2C,0x2C,0x00,0x01,0x00,0x87,0x00,0x02,0x25,0x3F,0xB0},
	{0xA9,0x02,0x00,0xB5,0x2C,0x2C,0x00,0x01,0x00,0x87,0x00,0x02,0x25,0x3F,0xC0},
	{0xA9,0x02,0x00,0xB5,0x2C,0x2C,0x00,0x01,0x00,0x87,0x00,0x02,0x25,0x3F,0xC0},
	{0xA9,0x02,0x00,0xB5,0x2C,0x2C,0x00,0x01,0x00,0x87,0x00,0x02,0x25,0x3F,0xD0},
	{0xA9,0x02,0x00,0xB5,0x2C,0x2C,0x00,0x01,0x00,0x87,0x00,0x02,0x25,0x3F,0xE0},
	{0xA9,0x02,0x00,0xB5,0x2C,0x2C,0x00,0x01,0x00,0x87,0x00,0x02,0x25,0x3F,0xF0},
	{0xA9,0x02,0x00,0xB5,0x2C,0x2C,0x00,0x01,0x00,0x87,0x00,0x02,0x25,0x3F,0xF0},
	{0xA9,0x02,0x00,0xB5,0x2C,0x2C,0x00,0x01,0x00,0x87,0x00,0x02,0x25,0x3F,0xF0},
	{0xA9,0x02,0x00,0xB5,0x2C,0x2C,0x00,0x01,0x00,0x87,0x00,0x02,0x25,0x3F,0xF0},
	{0xA9,0x02,0x00,0xB5,0x2C,0x2C,0x00,0x01,0x00,0x87,0x00,0x02,0x25,0x3F,0xF0},
	{0xA9,0x02,0x00,0xB5,0x2C,0x2C,0x00,0x01,0x00,0x87,0x00,0x02,0x25,0x3F,0xF0},
	{0xA9,0x02,0x00,0xB5,0x2C,0x2C,0x00,0x01,0x00,0x87,0x00,0x02,0x25,0x3F,0xF0},
	{0xA9,0x02,0x00,0xB5,0x2C,0x2C,0x00,0x01,0x00,0x87,0x00,0x02,0x25,0x00,0x1F}};

#endif //end of PANEL_RAYLE_NT37701_CMD_120HZ_HEAD_H
